-- phpMyAdmin SQL Dump
-- version 5.2.1
-- https://www.phpmyadmin.net/
--
-- Host: localhost:3306
-- Generation Time: May 13, 2024 at 12:27 PM
-- Server version: 8.0.30
-- PHP Version: 8.1.10

SET SQL_MODE = "NO_AUTO_VALUE_ON_ZERO";
START TRANSACTION;
SET time_zone = "+00:00";


/*!40101 SET @OLD_CHARACTER_SET_CLIENT=@@CHARACTER_SET_CLIENT */;
/*!40101 SET @OLD_CHARACTER_SET_RESULTS=@@CHARACTER_SET_RESULTS */;
/*!40101 SET @OLD_COLLATION_CONNECTION=@@COLLATION_CONNECTION */;
/*!40101 SET NAMES utf8mb4 */;

--
-- Database: `sitemptpn`
--

-- --------------------------------------------------------

--
-- Table structure for table `analisasawits`
--

CREATE TABLE `analisasawits` (
  `id` char(36) COLLATE utf8mb4_unicode_ci NOT NULL,
  `vm` double(5,2) DEFAULT NULL,
  `nos` double(5,2) DEFAULT NULL,
  `ffa` double(5,2) DEFAULT NULL,
  `dobi` double(5,2) DEFAULT NULL,
  `waktu_analisis` timestamp NOT NULL,
  `user_id` bigint UNSIGNED NOT NULL,
  `created_at` timestamp NULL DEFAULT NULL,
  `updated_at` timestamp NULL DEFAULT NULL
) ENGINE=InnoDB DEFAULT CHARSET=utf8mb4 COLLATE=utf8mb4_unicode_ci;

--
-- Dumping data for table `analisasawits`
--

INSERT INTO `analisasawits` (`id`, `vm`, `nos`, `ffa`, `dobi`, `waktu_analisis`, `user_id`, `created_at`, `updated_at`) VALUES
('00524820-fa91-4c85-8486-ea79980e78f1', 0.16, 0.02, 1.95, 2.24, '2023-10-30 17:13:00', 1, '2024-05-05 16:29:48', '2024-05-05 16:29:48'),
('005dd080-993b-4a0a-8e17-e6c31be0b194', 0.16, 0.02, 3.53, 2.66, '2023-11-15 13:05:51', 1, '2024-05-05 16:29:46', '2024-05-05 16:29:46'),
('00f63e5a-b6d6-42f1-b670-8870888640e4', 0.14, 0.02, 3.61, 2.60, '2023-11-15 09:10:25', 1, '2024-05-05 16:29:46', '2024-05-05 16:29:46'),
('01024799-3f89-4b2a-abb5-b66ca205ffa7', 0.15, 0.02, 2.93, 2.64, '2023-10-29 03:46:00', 1, '2024-05-05 16:29:48', '2024-05-05 16:29:48'),
('01630b96-2fb4-4a2b-af21-c601b2cb578c', 0.17, 0.02, 3.00, 2.59, '2023-11-08 04:01:45', 1, '2024-05-05 16:29:46', '2024-05-05 16:29:46'),
('03164bdd-cdde-428b-9375-71f25faef364', 0.12, 0.02, 3.37, 3.36, '2023-11-19 09:44:44', 1, '2024-05-05 16:29:46', '2024-05-05 16:29:46'),
('0319064b-4502-4cf3-b103-7d82968532ef', 0.18, 0.02, 2.81, 2.61, '2023-11-04 21:08:08', 1, '2024-05-05 16:29:45', '2024-05-05 16:29:45'),
('033f1ba7-44a9-49a0-a11e-222e08198d63', 0.17, 0.02, 2.98, 2.67, '2023-10-08 21:00:28', 1, '2024-05-05 16:29:47', '2024-05-05 16:29:47'),
('03fb9ded-b7ea-4b23-80b7-9fa65983fbe9', 0.17, 0.02, 2.46, 2.48, '2023-11-05 03:20:26', 1, '2024-05-05 16:29:45', '2024-05-05 16:29:45'),
('04774338-e669-4779-8d17-d91d9050a1d1', 0.11, 0.02, 2.67, 2.07, '2023-11-25 03:45:38', 1, '2024-05-05 16:29:46', '2024-05-05 16:29:46'),
('04d2e79d-88cd-4b0b-ac51-149c4bad129c', 0.12, 0.02, 2.72, 2.90, '2023-10-28 14:35:30', 1, '2024-05-05 16:29:48', '2024-05-05 16:29:48'),
('05c67475-1665-48f5-8080-0bbdd442097c', 0.15, 0.02, 3.25, 2.57, '2023-10-03 03:25:39', 1, '2024-05-05 16:29:47', '2024-05-05 16:29:47'),
('062dfd66-7a6e-442d-9aee-fa6de8355447', 0.18, 0.02, 2.87, 2.57, '2023-11-08 02:03:57', 1, '2024-05-05 16:29:46', '2024-05-05 16:29:46'),
('0689d5b2-d89a-4f59-99cd-a31c0fb1f4b5', 0.18, 0.02, 3.25, 2.55, '2023-11-11 01:09:52', 1, '2024-05-05 16:29:46', '2024-05-05 16:29:46'),
('075ad967-c3a6-45d4-88ab-756667446c24', 0.14, 0.02, 2.52, 2.62, '2023-10-30 04:18:36', 1, '2024-05-05 16:29:48', '2024-05-05 16:29:48'),
('080db30a-be78-4d0e-b93f-79b5f78214d1', 0.18, 0.02, 4.00, 2.49, '2023-10-17 13:00:51', 1, '2024-05-05 16:29:47', '2024-05-05 16:29:47'),
('08925c1e-23aa-430a-a52d-a900eaec491c', 0.10, 0.02, 2.59, 2.83, '2023-11-18 01:01:47', 1, '2024-05-05 16:29:46', '2024-05-05 16:29:46'),
('08ef2d34-917e-4ea6-a92c-5d85b04018cf', 0.17, 0.02, 3.73, 2.47, '2023-11-11 09:10:25', 1, '2024-05-05 16:29:46', '2024-05-05 16:29:46'),
('0942c2e6-cb8b-4084-8570-f6f6d3ff71b0', 0.21, 0.02, 3.01, 2.34, '2023-11-01 09:11:26', 1, '2024-05-05 16:29:45', '2024-05-05 16:29:45'),
('09a6987c-f4b2-4bc3-ac80-5f791c70e038', 0.18, 0.02, 3.02, 2.66, '2023-11-01 13:08:53', 1, '2024-05-05 16:29:45', '2024-05-05 16:29:45'),
('09a6c9ca-00fb-4e9e-b563-0cd3a8685cd9', 0.13, 0.02, 2.63, 2.68, '2023-10-26 21:44:27', 1, '2024-05-05 16:29:48', '2024-05-05 16:29:48'),
('0a963278-d9da-404d-9a1b-19b7ad7f39d7', 0.19, 0.02, 2.75, 2.54, '2023-11-02 03:20:26', 1, '2024-05-05 16:29:45', '2024-05-05 16:29:45'),
('0acf9d55-aa9d-4181-b7b1-e2cafe789695', 0.15, 0.02, 2.85, 2.68, '2023-10-06 05:08:51', 1, '2024-05-05 16:29:47', '2024-05-05 16:29:47'),
('0b3e8fcf-8f2e-44b1-bb42-262b6ff6d8bc', 0.14, 0.02, 2.81, 2.80, '2023-11-14 21:08:08', 1, '2024-05-05 16:29:46', '2024-05-05 16:29:46'),
('0cafc96b-3b6f-400c-9d0a-96635156be08', 0.11, 0.02, 2.98, 2.75, '2023-10-27 14:16:02', 1, '2024-05-05 16:29:48', '2024-05-05 16:29:48'),
('0d38d587-4b6c-4e2d-b874-952fa5383336', 0.14, 0.02, 2.84, 2.80, '2023-11-14 21:05:30', 1, '2024-05-05 16:29:46', '2024-05-05 16:29:46'),
('0dde81b6-5407-46e2-a0c6-ed72ec680b25', 0.16, 0.02, 3.19, 2.59, '2023-10-14 07:05:02', 1, '2024-05-05 16:29:47', '2024-05-05 16:29:47'),
('0e789523-ca2b-4c59-a1ab-66bb80bee471', 0.18, 0.02, 3.03, 2.41, '2023-10-04 07:06:47', 1, '2024-05-05 16:29:47', '2024-05-05 16:29:47'),
('0e8da5a0-d2d3-4184-9738-3399fcfe911a', 0.18, 0.02, 2.26, 2.32, '2023-10-24 21:21:05', 1, '2024-05-05 16:29:48', '2024-05-05 16:29:48'),
('0f811d5e-763b-4388-bef5-0657aa2f0c78', 0.19, 0.02, 3.85, 2.51, '2023-11-10 03:25:39', 1, '2024-05-05 16:29:46', '2024-05-05 16:29:46'),
('0fa0966f-230d-48e0-981d-4aa3abfe3a1e', 0.18, 0.02, 3.02, 2.50, '2023-11-06 07:15:02', 1, '2024-05-05 16:29:45', '2024-05-05 16:29:45'),
('0fa727a5-5d9d-4d1d-9d3b-b3b3b79af866', 0.16, 0.02, 3.11, 2.61, '2023-10-21 13:25:48', 1, '2024-05-05 16:29:48', '2024-05-05 16:29:48'),
('1012c9fa-b5bc-4c0a-8ca2-31a2dae942ec', 0.19, 0.02, 2.34, 2.57, '2023-11-02 01:09:52', 1, '2024-05-05 16:29:45', '2024-05-05 16:29:45'),
('10307bd9-82ec-4a51-afa6-a2e1c8260ec9', 0.16, 0.02, 3.19, 2.72, '2023-11-15 03:25:39', 1, '2024-05-05 16:29:46', '2024-05-05 16:29:46'),
('10319be7-9ffe-476e-8143-fe05aefb8426', 0.14, 0.02, 3.44, 2.65, '2023-10-29 09:40:08', 1, '2024-05-05 16:29:48', '2024-05-05 16:29:48'),
('111331d1-2192-4b93-9c38-5b0eb886ff4c', 0.19, 0.02, 3.49, 2.55, '2023-11-09 05:13:51', 1, '2024-05-05 16:29:46', '2024-05-05 16:29:46'),
('115ab9b0-2b26-4474-bf4a-178f074902e3', 0.16, 0.02, 3.43, 2.65, '2023-11-14 17:37:47', 1, '2024-05-05 16:29:46', '2024-05-05 16:29:46'),
('116ae5a8-bc0a-4cee-b0fd-61625cf943c5', 0.14, 0.02, 3.16, 2.68, '2023-11-16 05:06:47', 1, '2024-05-05 16:29:46', '2024-05-05 16:29:46'),
('127aae8d-2631-47f2-9e2a-be191a019d28', 0.17, 0.02, 3.12, 2.48, '2023-10-18 07:00:49', 1, '2024-05-05 16:29:47', '2024-05-05 16:29:47'),
('12d7c3f6-26a5-4967-be7e-d0d040fd2284', 0.15, 0.02, 3.37, 2.45, '2023-10-21 09:10:05', 1, '2024-05-05 16:29:48', '2024-05-05 16:29:48'),
('12df8e62-145f-4499-98b1-241382dbccba', 0.21, 0.02, 3.60, 2.39, '2023-10-09 07:11:46', 1, '2024-05-05 16:29:47', '2024-05-05 16:29:47'),
('130c4f28-577e-4c46-bc64-3f5fe6f96140', 0.19, 0.02, 3.98, 2.53, '2023-10-16 13:05:51', 1, '2024-05-05 16:29:47', '2024-05-05 16:29:47'),
('131bba43-df20-49a7-b43e-e44f102b5a2f', 0.12, 0.02, 2.79, 2.72, '2023-11-18 07:02:48', 1, '2024-05-05 16:29:46', '2024-05-05 16:29:46'),
('1347f83b-c6f3-4975-b917-2ccd9a6de897', 0.19, 0.02, 2.27, 2.32, '2023-10-25 21:27:18', 1, '2024-05-05 16:29:48', '2024-05-05 16:29:48'),
('135e27d8-b53b-4824-8bd7-b68ef9e220aa', 0.14, 0.02, 2.59, 2.68, '2023-11-16 01:10:29', 1, '2024-05-05 16:29:46', '2024-05-05 16:29:46'),
('1475e5fb-3271-4d0f-9f6d-23dd1afe557c', 0.17, 0.02, 3.24, 2.57, '2023-11-29 05:03:19', 1, '2024-05-05 16:29:47', '2024-05-05 16:29:47'),
('14c4b9be-d4a4-426d-b883-5e639e1d1807', 0.15, 0.02, 2.18, 2.74, '2023-10-02 07:20:25', 1, '2024-05-05 16:29:47', '2024-05-05 16:29:47'),
('15496646-1663-4851-9629-509fa1545417', 0.16, 0.02, 3.04, 2.62, '2023-10-29 02:09:03', 1, '2024-05-05 16:29:48', '2024-05-05 16:29:48'),
('15f33e62-7d00-4817-aa0f-3a9e6797ea19', 0.12, 0.02, 3.26, 2.51, '2023-11-25 07:00:04', 1, '2024-05-05 16:29:46', '2024-05-05 16:29:46'),
('16c7da7a-7e52-437c-b0d4-112c4295ee48', 0.14, 0.02, 3.17, 2.71, '2023-11-16 05:00:47', 1, '2024-05-05 16:29:46', '2024-05-05 16:29:46'),
('1713d8d9-37a8-4306-bac8-f5d666a80b8e', 0.16, 0.02, 2.91, 2.59, '2023-11-12 09:11:26', 1, '2024-05-05 16:29:46', '2024-05-05 16:29:46'),
('175c40c1-0869-436f-b1c3-12d70112f1c7', 0.14, 0.20, 2.61, 2.72, '2023-11-17 01:12:29', 1, '2024-05-05 16:29:46', '2024-05-05 16:29:46'),
('179fdb24-adf5-4c92-a683-de3a3767cb92', 0.16, 0.02, 3.52, 2.45, '2023-10-19 09:44:44', 1, '2024-05-05 16:29:47', '2024-05-05 16:29:47'),
('17d8cc4a-d94e-4278-bb7e-9f4bb83c3274', 0.12, 0.02, 3.30, 3.35, '2023-11-19 09:40:45', 1, '2024-05-05 16:29:46', '2024-05-05 16:29:46'),
('17f6bfdd-6e0a-4823-b69d-7082207e0b78', 0.19, 0.02, 3.22, 2.50, '2023-10-16 04:06:47', 1, '2024-05-05 16:29:47', '2024-05-05 16:29:47'),
('18105aaf-7a94-46b5-96bd-3e20cad717f8', 0.17, 0.02, 2.71, 2.61, '2023-11-01 21:08:43', 1, '2024-05-05 16:29:45', '2024-05-05 16:29:45'),
('186d76f0-fc79-4916-8d87-c64e3bfa6350', 0.17, 0.02, 3.51, 2.63, '2023-10-18 21:10:50', 1, '2024-05-05 16:29:47', '2024-05-05 16:29:47'),
('19423c90-9b7c-4da6-af6c-56ea6071c9e3', 0.21, 0.02, 2.42, 2.09, '2023-11-02 07:15:02', 1, '2024-05-05 16:29:45', '2024-05-05 16:29:45'),
('19ca76e0-c942-46df-84c3-b74a9ec3c7d7', 0.16, 0.02, 2.50, 2.58, '2023-10-02 10:14:17', 1, '2024-05-05 16:29:47', '2024-05-05 16:29:47'),
('19d1b86d-2cf5-4094-afba-d4981d72ae86', 0.23, 0.02, 3.22, 2.30, '2023-11-10 09:10:25', 1, '2024-05-05 16:29:46', '2024-05-05 16:29:46'),
('19ecb518-6e1e-4a56-8d4f-ca6b74c73ce4', 0.18, 0.02, 3.08, 2.56, '2023-11-02 13:00:59', 1, '2024-05-05 16:29:45', '2024-05-05 16:29:45'),
('19fb2985-1b57-43f3-88cb-5793bc7294f2', 0.16, 0.02, 3.58, 2.51, '2023-11-25 09:07:04', 1, '2024-05-05 16:29:46', '2024-05-05 16:29:46'),
('1a4b1fa4-905a-44c2-8732-71b5260b1afa', 0.18, 0.02, 3.48, 2.58, '2023-10-28 17:34:49', 1, '2024-05-05 16:29:48', '2024-05-05 16:29:48'),
('1ac13b90-b628-422b-a781-7b8edfabdbe2', 0.18, 0.02, 3.34, 2.55, '2023-10-30 07:12:51', 1, '2024-05-05 16:29:48', '2024-05-05 16:29:48'),
('1ae5b039-b24f-4473-8d72-f978beacbacb', 0.17, 0.02, 3.46, 2.65, '2023-11-10 01:09:52', 1, '2024-05-05 16:29:46', '2024-05-05 16:29:46'),
('1b00f502-6fd4-4d00-8142-33b33dba2a46', 0.50, 0.02, 0.22, 0.00, '2023-10-20 09:15:53', 1, '2024-05-05 16:29:47', '2024-05-05 16:29:47'),
('1b37eaec-9f02-44b3-8774-073f92ebcdad', 0.16, 0.02, 3.29, 2.59, '2023-10-21 01:14:51', 1, '2024-05-05 16:29:47', '2024-05-05 16:29:47'),
('1b530057-7ff4-47e3-8bb8-f274a619dd6a', 2.16, 0.02, 3.28, 2.60, '2023-11-16 09:10:25', 1, '2024-05-05 16:29:46', '2024-05-05 16:29:46'),
('1bdddbfa-23db-4b52-a62b-e46ec50214f1', 0.15, 0.02, 3.57, 2.55, '2023-11-28 07:41:26', 1, '2024-05-05 16:29:47', '2024-05-05 16:29:47'),
('1bfce596-54fe-46d3-a5d4-02bf258ee611', 0.11, 0.02, 2.83, 2.24, '2023-11-25 05:31:36', 1, '2024-05-05 16:29:46', '2024-05-05 16:29:46'),
('1bff4e88-a6ae-4939-97ae-8dd3ac718e21', 0.17, 0.02, 2.64, 2.61, '2023-10-11 05:06:47', 1, '2024-05-05 16:29:47', '2024-05-05 16:29:47'),
('1c63de01-bc2b-4562-a887-1dd657eb94d9', 0.13, 0.02, 2.43, 2.69, '2023-10-02 12:09:11', 1, '2024-05-05 16:29:47', '2024-05-05 16:29:47'),
('1cd24c20-b6df-475f-9387-6f8141bd3fe4', 0.17, 0.02, 2.76, 3.03, '2023-10-17 05:00:47', 1, '2024-05-05 16:29:47', '2024-05-05 16:29:47'),
('1cd32601-1d33-494f-b959-9f60fb4d80d5', 0.14, 0.02, 2.97, 2.69, '2023-10-04 01:09:52', 1, '2024-05-05 16:29:47', '2024-05-05 16:29:47'),
('1d5c26af-2fa9-49d1-9189-511857e68baa', 0.12, 0.02, 2.70, 2.81, '2023-10-28 21:45:44', 1, '2024-05-05 16:29:48', '2024-05-05 16:29:48'),
('1dc4f999-75c6-434d-93d9-1717d3b86113', 0.13, 0.02, 3.11, 2.60, '2023-10-04 03:18:39', 1, '2024-05-05 16:29:47', '2024-05-05 16:29:47'),
('1dc6811b-d139-495d-8cac-d13f64cdb666', 0.13, 0.02, 3.16, 2.94, '2023-10-15 21:08:08', 1, '2024-05-05 16:29:47', '2024-05-05 16:29:47'),
('1dd61d73-c2bd-4085-b679-7814b2c4f19e', 0.15, 0.02, 2.85, 2.68, '2023-10-27 06:06:20', 1, '2024-05-05 16:29:48', '2024-05-05 16:29:48'),
('1e098063-0fe0-401b-9039-1cdf49261565', 0.22, 0.02, 1.45, 2.51, '2023-11-03 03:20:26', 1, '2024-05-05 16:29:45', '2024-05-05 16:29:45'),
('1e92bd58-b22a-465a-86ae-47180995d430', 0.18, 0.02, 3.11, 2.63, '2023-10-01 21:03:25', 1, '2024-05-05 16:29:47', '2024-05-05 16:29:47'),
('1ed4c107-c6aa-47b6-83eb-c2b01d465477', 0.12, 0.20, 2.79, 2.58, '2023-11-17 03:48:26', 1, '2024-05-05 16:29:46', '2024-05-05 16:29:46'),
('1fecc33e-b9f6-44f6-a90e-e8151c851592', 0.17, 0.02, 2.46, 2.48, '2023-11-05 03:20:26', 1, '2024-05-05 16:29:45', '2024-05-05 16:29:45'),
('20354ea1-4524-4766-8334-8cf5e51c9603', 0.15, 0.02, 2.56, 2.69, '2023-10-27 07:42:05', 1, '2024-05-05 16:29:48', '2024-05-05 16:29:48'),
('20ca589e-0620-4ae5-bb17-9bcd30dc5eba', 0.15, 0.02, 3.36, 2.49, '2023-10-14 09:11:26', 1, '2024-05-05 16:29:47', '2024-05-05 16:29:47'),
('21fb6ce5-da55-4760-904d-bdc399cb773e', 0.20, 0.02, 3.24, 3.06, '2023-11-05 05:06:47', 1, '2024-05-05 16:29:45', '2024-05-05 16:29:45'),
('220dc65b-2447-4bde-aa57-d584e8ae261a', 0.19, 0.02, 2.81, 2.62, '2023-10-31 04:50:02', 1, '2024-05-05 16:29:48', '2024-05-05 16:29:48'),
('2228d5e4-034c-413e-9821-0383b1db061b', 0.13, 0.02, 2.78, 3.14, '2023-10-14 05:03:47', 1, '2024-05-05 16:29:47', '2024-05-05 16:29:47'),
('2268d60b-5097-40b8-9812-0dab4fcb9993', 0.15, 0.02, 2.46, 2.68, '2023-10-11 13:05:51', 1, '2024-05-05 16:29:47', '2024-05-05 16:29:47'),
('227886dd-4278-48a8-beda-89fe89600d47', 0.12, 0.02, 3.30, 3.53, '2023-11-15 05:00:47', 1, '2024-05-05 16:29:46', '2024-05-05 16:29:46'),
('2299772b-afd8-44f8-9aa7-c1967d7f2ff6', 0.08, 0.02, 2.24, 2.99, '2023-10-30 21:27:35', 1, '2024-05-05 16:29:48', '2024-05-05 16:29:48'),
('22ed2d4e-eb7c-4a45-bffd-1bc981ce08a2', 0.19, 0.02, 3.51, 2.57, '2023-10-29 12:27:49', 1, '2024-05-05 16:29:48', '2024-05-05 16:29:48'),
('22ef6952-e0d2-4b90-96d4-9561013c1f8c', 0.17, 0.02, 2.59, 2.71, '2023-10-20 17:24:51', 1, '2024-05-05 16:29:47', '2024-05-05 16:29:47'),
('234c2834-a35a-4bd9-9086-ad728377f723', 0.15, 0.02, 2.47, 2.63, '2023-10-24 17:14:26', 1, '2024-05-05 16:29:48', '2024-05-05 16:29:48'),
('234d7d3d-1874-4a56-bb88-a49fa61e5d37', 0.08, 0.02, 2.97, 2.91, '2023-11-26 21:44:27', 1, '2024-05-05 16:29:46', '2024-05-05 16:29:46'),
('23e449f4-c7ac-477a-a6ff-c96355c2a2a3', 0.17, 0.02, 3.35, 2.58, '2023-10-30 07:13:33', 1, '2024-05-05 16:29:48', '2024-05-05 16:29:48'),
('245c9a10-f93a-4c10-93ea-946935b9bbc4', 0.11, 0.02, 2.93, 2.83, '2023-11-18 01:03:19', 1, '2024-05-05 16:29:46', '2024-05-05 16:29:46'),
('247a49b4-085c-4a38-ac70-b57380f0dbaf', 0.11, 0.02, 2.81, 2.74, '2023-10-27 09:58:47', 1, '2024-05-05 16:29:48', '2024-05-05 16:29:48'),
('24a40193-b4e1-4391-9f1e-63fa706f36ec', 0.20, 0.02, 1.87, 2.80, '2023-11-03 01:10:29', 1, '2024-05-05 16:29:45', '2024-05-05 16:29:45'),
('24cb1c08-0f5f-4cc4-a7a0-f5f506fd1a9d', 0.17, 0.02, 2.97, 2.51, '2023-11-12 13:05:51', 1, '2024-05-05 16:29:46', '2024-05-05 16:29:46'),
('24ff4a22-1e80-4853-83a2-31758fc9dec0', 0.12, 0.02, 2.76, 2.51, '2023-11-23 09:07:04', 1, '2024-05-05 16:29:46', '2024-05-05 16:29:46'),
('2562a284-ceb8-454c-b557-e491d39c79b5', 0.18, 0.02, 3.10, 2.59, '2023-11-09 17:36:58', 1, '2024-05-05 16:29:46', '2024-05-05 16:29:46'),
('259f85ef-bbbb-4626-9a1f-37a3acfa5518', 0.15, 0.02, 2.82, 2.66, '2023-10-01 17:03:19', 1, '2024-05-05 16:29:47', '2024-05-05 16:29:47'),
('25ad6106-f1c8-428e-a865-2f13cebf81f6', 0.22, 0.02, 2.82, 2.46, '2023-10-09 03:46:00', 1, '2024-05-05 16:29:47', '2024-05-05 16:29:47'),
('26128b37-66f5-4328-b1ec-6d6e2f1f5025', 0.20, 0.02, 3.14, 2.55, '2023-10-26 17:39:34', 1, '2024-05-05 16:29:48', '2024-05-05 16:29:48'),
('261e94f6-a75d-4530-a967-62fe54af2633', 0.14, 0.02, 3.28, 2.60, '2023-11-09 13:38:49', 1, '2024-05-05 16:29:46', '2024-05-05 16:29:46'),
('26229e5b-b524-4b84-904b-126561616e56', 6.99, 0.02, 85.64, 7.37, '2023-11-06 01:09:52', 1, '2024-05-05 16:29:45', '2024-05-05 16:29:45'),
('263f4be2-6006-4fb0-9371-806c56b3df78', 0.14, 0.02, 2.89, 2.67, '2023-11-14 09:11:26', 1, '2024-05-05 16:29:46', '2024-05-05 16:29:46'),
('26b48715-e6c4-46f0-9250-bde718151747', 0.14, 0.02, 3.23, 2.66, '2023-11-15 13:05:51', 1, '2024-05-05 16:29:46', '2024-05-05 16:29:46'),
('275524f7-3b08-4fdb-8a61-64761583512f', 0.14, 0.02, 2.66, 2.73, '2023-11-18 17:04:49', 1, '2024-05-05 16:29:46', '2024-05-05 16:29:46'),
('288e52b6-b884-4169-823f-1140108f57dc', 0.18, 0.02, 3.34, 2.55, '2023-10-30 07:12:51', 1, '2024-05-05 16:29:48', '2024-05-05 16:29:48'),
('28d0d310-3de2-4e04-b217-bbabab9cb35d', 0.22, 0.02, 3.39, 2.32, '2023-11-09 06:53:04', 1, '2024-05-05 16:29:46', '2024-05-05 16:29:46'),
('28fd2693-4c15-438e-9ae7-8cf3b0673043', 0.18, 0.02, 2.36, 2.51, '2023-10-11 03:00:26', 1, '2024-05-05 16:29:47', '2024-05-05 16:29:47'),
('29424cd4-0540-46b8-a457-fa3ce9cfbf7f', 0.27, 0.02, 2.76, 0.90, '2023-10-14 01:10:29', 1, '2024-05-05 16:29:47', '2024-05-05 16:29:47'),
('29b11e59-5d72-487a-9e7f-773c96670255', 0.16, 0.02, 3.23, 2.74, '2023-10-05 21:08:58', 1, '2024-05-05 16:29:47', '2024-05-05 16:29:47'),
('2a0b0c71-a9ab-4c7c-a716-295bc590e07c', 0.18, 0.02, 3.16, 2.34, '2023-11-29 05:17:22', 1, '2024-05-05 16:29:47', '2024-05-05 16:29:47'),
('2a1b5c0b-fb9b-45fa-98b7-7776abbe58c8', 0.17, 0.02, 2.79, 2.62, '2023-11-04 17:06:58', 1, '2024-05-05 16:29:45', '2024-05-05 16:29:45'),
('2aa0ffd3-739e-451b-9861-96b1baa11127', 0.21, 0.02, 3.32, 2.54, '2023-10-19 17:14:51', 1, '2024-05-05 16:29:47', '2024-05-05 16:29:47'),
('2ac43e35-cadd-4bf9-b464-60b785cad4d8', 0.20, 0.02, 2.95, 2.53, '2023-10-22 21:03:25', 1, '2024-05-05 16:29:48', '2024-05-05 16:29:48'),
('2ac98ac0-1716-4ab9-a8f0-32acbf77d9a0', 0.17, 0.02, 3.08, 2.58, '2023-11-08 04:00:10', 1, '2024-05-05 16:29:46', '2024-05-05 16:29:46'),
('2b1ef5b4-0718-444f-8400-78daed420f33', 0.19, 0.02, 3.45, 2.48, '2023-10-09 09:28:36', 1, '2024-05-05 16:29:47', '2024-05-05 16:29:47'),
('2bb24f7e-bc58-450d-9090-5bcb6ddac909', 0.15, 0.02, 2.27, 2.65, '2023-11-14 07:18:47', 1, '2024-05-05 16:29:46', '2024-05-05 16:29:46'),
('2bc240fe-dc20-4605-88aa-1bed7a723bc5', 0.18, 0.02, 3.33, 2.70, '2023-11-28 21:04:42', 1, '2024-05-05 16:29:47', '2024-05-05 16:29:47'),
('2be7db2d-a074-4038-bdc8-91b82b851255', 0.17, 0.02, 2.86, 2.71, '2023-10-03 21:05:30', 1, '2024-05-05 16:29:47', '2024-05-05 16:29:47'),
('2cb85747-7f5c-4b16-a7d1-f4c4d865dec7', 0.17, 0.02, 2.42, 2.48, '2023-11-05 03:25:39', 1, '2024-05-05 16:29:45', '2024-05-05 16:29:45'),
('2dbbf1a8-effb-4a7f-a1d2-0e69cc3f87d6', 0.14, 0.02, 2.61, 3.02, '2023-10-29 05:55:46', 1, '2024-05-05 16:29:48', '2024-05-05 16:29:48'),
('2e2406cf-5430-4cf0-b721-20cc6509f229', 0.15, 0.02, 3.02, 2.59, '2023-10-23 13:04:38', 1, '2024-05-05 16:29:48', '2024-05-05 16:29:48'),
('2e699ecf-8590-4f70-8562-ce3351bf477b', 0.15, 0.02, 3.66, 2.52, '2023-11-28 08:42:53', 1, '2024-05-05 16:29:47', '2024-05-05 16:29:47'),
('2ed56f10-c6cd-487c-8edd-2f394b29b902', 0.18, 0.02, 3.54, 2.52, '2023-10-16 03:25:39', 1, '2024-05-05 16:29:47', '2024-05-05 16:29:47'),
('2edd55c3-5872-4124-8836-437e37daa70d', 0.19, 0.02, 3.12, 2.67, '2023-10-20 21:05:58', 1, '2024-05-05 16:29:47', '2024-05-05 16:29:47'),
('2f417e54-84b9-455b-8cf0-cd5cf7c2ad2d', 0.15, 0.02, 2.39, 2.72, '2023-10-10 17:06:58', 1, '2024-05-05 16:29:47', '2024-05-05 16:29:47'),
('2f58a08c-41ae-43d6-bc71-18cac4f6e46d', 0.08, 0.02, 2.29, 3.00, '2023-10-30 21:28:35', 1, '2024-05-05 16:29:48', '2024-05-05 16:29:48'),
('2f9be3d8-1d16-4103-a158-b518f79209ee', 0.14, 0.02, 2.53, 2.73, '2023-11-15 01:10:29', 1, '2024-05-05 16:29:46', '2024-05-05 16:29:46'),
('2fce670d-9709-401f-bebd-49703e52e436', 0.15, 0.02, 2.59, 2.60, '2023-10-13 03:25:39', 1, '2024-05-05 16:29:47', '2024-05-05 16:29:47'),
('2ff44e82-8e6b-403d-afc2-d00119bf24bb', 0.15, 0.02, 2.35, 2.69, '2023-10-11 13:08:53', 1, '2024-05-05 16:29:47', '2024-05-05 16:29:47'),
('301b68a0-f1a8-4065-ac27-7974b8e4ac9c', 0.15, 0.02, 2.90, 2.74, '2023-10-17 21:07:19', 1, '2024-05-05 16:29:47', '2024-05-05 16:29:47'),
('3026ef08-274e-4fd6-b788-f3ed702d1afa', 0.19, 0.02, 3.04, 2.63, '2023-10-22 17:05:20', 1, '2024-05-05 16:29:48', '2024-05-05 16:29:48'),
('3095c6a2-0fd0-4bf1-aa6e-c01a6e17ec28', 0.17, 0.02, 3.35, 2.58, '2023-10-30 07:13:33', 1, '2024-05-05 16:29:48', '2024-05-05 16:29:48'),
('30da8241-31c6-44f9-bc36-5f7dbb52d37d', 0.15, 0.02, 3.45, 2.65, '2023-11-15 13:08:53', 1, '2024-05-05 16:29:46', '2024-05-05 16:29:46'),
('30ffb3df-ae80-4626-8f07-f561a3ef3854', 0.21, 0.02, 2.72, 2.46, '2023-10-09 03:45:16', 1, '2024-05-05 16:29:47', '2024-05-05 16:29:47'),
('312eadb9-c1eb-4880-b956-3edaa741a078', 0.23, 0.02, 2.87, 1.90, '2023-10-30 09:54:45', 1, '2024-05-05 16:29:48', '2024-05-05 16:29:48'),
('31ea9efd-df91-4526-9789-a989bdb33123', 0.12, 0.02, 2.89, 2.70, '2023-11-25 17:00:39', 1, '2024-05-05 16:29:46', '2024-05-05 16:29:46'),
('31f481bb-cf43-4efa-89ec-b54cda33298c', 0.14, 0.02, 2.12, 3.10, '2023-10-30 02:44:58', 1, '2024-05-05 16:29:48', '2024-05-05 16:29:48'),
('323e62ca-dee0-4741-b72d-31725b8519e0', 0.16, 0.02, 2.79, 2.70, '2023-10-29 17:05:40', 1, '2024-05-05 16:29:48', '2024-05-05 16:29:48'),
('32b0ab87-31b1-4421-997b-16bbd65a4b1e', 0.16, 0.02, 3.40, 2.51, '2023-10-14 09:10:25', 1, '2024-05-05 16:29:47', '2024-05-05 16:29:47'),
('32b3669a-3948-44e7-af7d-f2bd506e03fd', 0.20, 0.02, 3.34, 2.57, '2023-11-07 09:21:28', 1, '2024-05-05 16:29:46', '2024-05-05 16:29:46'),
('331794de-0bc9-4df9-99c9-12b8f1c07b8c', 0.15, 0.02, 2.85, 2.68, '2023-11-27 06:06:20', 1, '2024-05-05 16:29:47', '2024-05-05 16:29:47'),
('3379107e-3934-475e-afa7-503ce35400ca', 0.14, 0.20, 2.90, 2.65, '2023-11-17 05:05:47', 1, '2024-05-05 16:29:46', '2024-05-05 16:29:46'),
('33b4a644-7d93-498d-9b30-87e26bafc93f', 0.10, 0.02, 3.37, 2.18, '2023-10-03 01:09:09', 1, '2024-05-05 16:29:47', '2024-05-05 16:29:47'),
('3410ee68-e680-4db5-9777-f71ba96a4a26', 0.14, 0.02, 3.01, 2.61, '2023-11-14 09:10:25', 1, '2024-05-05 16:29:46', '2024-05-05 16:29:46'),
('3499da4c-28f8-4736-93f4-c3d78f0f9760', 0.19, 0.02, 3.17, 2.29, '2023-11-29 05:20:08', 1, '2024-05-05 16:29:47', '2024-05-05 16:29:47'),
('34ee0537-3865-4d34-a861-ea262db12e81', 0.14, 0.02, 2.73, 2.73, '2023-11-19 17:00:48', 1, '2024-05-05 16:29:46', '2024-05-05 16:29:46'),
('353ce39b-05dc-40e1-bd1c-3601c1dba12c', 0.17, 0.02, 3.26, 2.59, '2023-11-07 14:07:57', 1, '2024-05-05 16:29:46', '2024-05-05 16:29:46'),
('359f2b80-08be-44be-b86d-71d77c15d2ac', 0.18, 0.02, 3.56, 2.72, '2023-10-25 14:37:34', 1, '2024-05-05 16:29:48', '2024-05-05 16:29:48'),
('35f714ba-9271-44b9-835f-a8f6fd702c6a', 0.13, 0.02, 3.00, 2.68, '2023-10-02 21:08:08', 1, '2024-05-05 16:29:47', '2024-05-05 16:29:47'),
('367f9639-191e-4df6-b144-eb5b4e2e6e05', 0.13, 0.02, 2.91, 0.25, '2023-11-22 03:05:54', 1, '2024-05-05 16:29:46', '2024-05-05 16:29:46'),
('369f2b30-c44f-4d97-b16a-2631e32a6c5b', 0.17, 0.02, 3.01, 2.60, '2023-10-13 21:08:08', 1, '2024-05-05 16:29:47', '2024-05-05 16:29:47'),
('36b0f028-4931-4686-895e-7a297fbefa28', 0.14, 0.02, 3.30, 2.58, '2023-11-18 09:15:46', 1, '2024-05-05 16:29:46', '2024-05-05 16:29:46'),
('36c41949-d1ac-4925-876f-f5c39aebe1cc', 0.17, 0.02, 2.73, 2.67, '2023-10-25 07:09:34', 1, '2024-05-05 16:29:48', '2024-05-05 16:29:48'),
('36cec04d-2377-40ab-b890-22148e81e513', 0.16, 0.02, 2.59, 2.76, '2023-10-31 02:16:26', 1, '2024-05-05 16:29:48', '2024-05-05 16:29:48'),
('377c6bfa-92b6-4e2b-8d2e-9b2b0668a4ea', 0.14, 0.02, 2.42, 2.75, '2023-10-05 17:20:51', 1, '2024-05-05 16:29:47', '2024-05-05 16:29:47'),
('37a7f33b-86da-4e71-b0e7-e03be03f97fa', 0.20, 0.02, 3.35, 2.25, '2023-10-25 03:38:06', 1, '2024-05-05 16:29:48', '2024-05-05 16:29:48'),
('37ff11ea-ffbc-4378-b7f8-85d2732456a0', 0.08, 0.02, 2.42, 2.22, '2023-11-24 01:05:27', 1, '2024-05-05 16:29:46', '2024-05-05 16:29:46'),
('3818d296-67d9-4fd6-8e72-385dfbe8ca3c', 0.17, 0.02, 2.79, 2.62, '2023-11-04 17:36:58', 1, '2024-05-05 16:29:45', '2024-05-05 16:29:45'),
('3875132a-3f5b-4266-841d-f4e4cb10337a', 0.16, 0.02, 3.03, 2.68, '2023-10-17 21:00:59', 1, '2024-05-05 16:29:47', '2024-05-05 16:29:47'),
('38ba7f09-293c-4115-9fde-236ad4e89d3f', 0.17, 0.02, 2.62, 2.70, '2023-10-21 21:03:25', 1, '2024-05-05 16:29:48', '2024-05-05 16:29:48'),
('38d651d9-2e88-4ba7-8eea-d527de9a22cd', 0.19, 0.02, 2.29, 2.27, '2023-11-03 05:00:47', 1, '2024-05-05 16:29:45', '2024-05-05 16:29:45'),
('38ee3adc-1a18-40e9-bacd-adc82660f7ca', 0.14, 0.02, 2.92, 2.60, '2023-10-13 07:01:47', 1, '2024-05-05 16:29:47', '2024-05-05 16:29:47'),
('3a231cb4-c232-413d-84eb-cc90cad6f6f0', 0.16, 0.02, 3.39, 2.57, '2023-10-21 03:10:05', 1, '2024-05-05 16:29:48', '2024-05-05 16:29:48'),
('3a878512-dafe-4fe9-b516-6915d72e1d87', 0.17, 0.02, 3.30, 2.73, '2023-11-12 21:19:26', 1, '2024-05-05 16:29:46', '2024-05-05 16:29:46'),
('3ae09b87-a2ea-4a95-85a0-616b809b1644', 0.20, 0.02, 3.73, 3.06, '2023-11-21 07:29:17', 1, '2024-05-05 16:29:46', '2024-05-05 16:29:46'),
('3b4de92a-3a01-4b77-8658-3c49eeba0b24', 0.14, 0.02, 3.00, 2.69, '2023-10-04 01:10:29', 1, '2024-05-05 16:29:47', '2024-05-05 16:29:47'),
('3cd23170-39c6-43e6-9d99-c1e2c91fc121', 0.16, 0.02, 3.20, 2.51, '2023-10-17 07:18:47', 1, '2024-05-05 16:29:47', '2024-05-05 16:29:47'),
('3d61691a-59b0-48bf-b0d1-a9d4438daf8f', 0.21, 0.02, 3.30, 2.53, '2023-10-19 17:20:51', 1, '2024-05-05 16:29:47', '2024-05-05 16:29:47'),
('3e09d314-94ab-4394-b420-93a957625762', 0.20, 0.02, 3.26, 2.54, '2023-10-22 10:14:17', 1, '2024-05-05 16:29:48', '2024-05-05 16:29:48'),
('3e5fd1ae-b50c-46d3-bc2f-55bc2b9be605', 0.10, 0.02, 2.82, 2.81, '2023-11-01 01:09:52', 1, '2024-05-05 16:29:45', '2024-05-05 16:29:45'),
('3f7a488a-ca60-4ab2-9836-6f83fdea0491', 0.17, 0.02, 3.28, 2.63, '2023-10-06 09:12:05', 1, '2024-05-05 16:29:47', '2024-05-05 16:29:47'),
('3fa0884f-d803-481d-af03-1cf952043e09', 0.23, 0.02, 3.44, 2.42, '2023-10-22 12:09:11', 1, '2024-05-05 16:29:48', '2024-05-05 16:29:48'),
('3fe8efc6-3800-4531-a294-1e6947719797', 0.11, 0.02, 2.78, 2.83, '2023-11-14 03:25:39', 1, '2024-05-05 16:29:46', '2024-05-05 16:29:46'),
('3ff840d0-689c-4f59-877e-4b395e171841', 0.15, 0.02, 3.05, 2.63, '2023-10-12 21:05:30', 1, '2024-05-05 16:29:47', '2024-05-05 16:29:47'),
('403ffe93-71dd-414a-be52-06be2cbf2cb3', 0.12, 0.02, 2.65, 2.71, '2023-11-27 09:57:43', 1, '2024-05-05 16:29:47', '2024-05-05 16:29:47'),
('40622f32-7d4e-4ab2-b3fd-b5c7bf7a8aa6', 0.12, 0.02, 2.65, 2.71, '2023-10-27 09:57:43', 1, '2024-05-05 16:29:48', '2024-05-05 16:29:48'),
('410a7f08-2d70-43ba-98f4-dc75fd7b7d6f', 0.18, 0.02, 2.78, 2.61, '2023-11-04 21:05:30', 1, '2024-05-05 16:29:45', '2024-05-05 16:29:45'),
('4138d629-2610-478e-9d96-c09f4ee0cbf4', 0.15, 0.02, 2.66, 2.65, '2023-10-01 17:00:47', 1, '2024-05-05 16:29:47', '2024-05-05 16:29:47'),
('41508e25-cc64-45e8-9c8b-2dddb6374873', 0.20, 0.02, 3.15, 2.55, '2023-10-26 17:40:32', 1, '2024-05-05 16:29:48', '2024-05-05 16:29:48'),
('41511661-5e21-420d-957b-e6845d70b517', 0.19, 0.02, 3.26, 2.68, '2023-10-19 21:08:58', 1, '2024-05-05 16:29:47', '2024-05-05 16:29:47'),
('41d3b7b1-c802-4139-b4a0-54cfed5648f4', 0.18, 0.02, 2.68, 2.66, '2023-10-31 05:48:49', 1, '2024-05-05 16:29:48', '2024-05-05 16:29:48'),
('422a5873-5f0e-4765-96af-0223fe6da8f6', 0.16, 0.02, 3.40, 2.56, '2023-11-06 09:11:26', 1, '2024-05-05 16:29:45', '2024-05-05 16:29:45'),
('432f2cbe-c151-4de6-97ff-93601caf27ed', 0.12, 0.02, 3.34, 2.56, '2023-11-10 17:36:58', 1, '2024-05-05 16:29:46', '2024-05-05 16:29:46'),
('4400c171-5ae2-4343-836c-1a6c532e57f8', 0.22, 0.02, 3.51, 2.45, '2023-11-07 07:08:38', 1, '2024-05-05 16:29:46', '2024-05-05 16:29:46'),
('443d09d0-0b59-4b7f-95eb-dd2d14dfabd8', 0.18, 0.02, 3.50, 2.61, '2023-10-28 17:33:43', 1, '2024-05-05 16:29:48', '2024-05-05 16:29:48'),
('449ed86b-86f7-461f-9f1c-27bb5101c67d', 0.16, 0.02, 2.60, 2.60, '2023-10-03 05:04:47', 1, '2024-05-05 16:29:47', '2024-05-05 16:29:47'),
('4516f4e0-a6af-45bb-ab40-2ca9b04e2c34', 0.14, 0.02, 2.92, 2.89, '2023-11-27 21:11:52', 1, '2024-05-05 16:29:47', '2024-05-05 16:29:47'),
('45425534-2b51-4527-a65d-4d0535747a51', 0.17, 0.02, 3.82, 2.54, '2023-11-28 12:40:43', 1, '2024-05-05 16:29:47', '2024-05-05 16:29:47'),
('45672e74-910b-4938-99d8-9dd4393a4182', 0.17, 0.02, 2.22, 2.98, '2023-11-02 21:05:30', 1, '2024-05-05 16:29:45', '2024-05-05 16:29:45'),
('46e64f44-f398-4de6-9b5b-29e89e7d5d9e', 0.23, 0.02, 3.21, 2.40, '2023-11-05 09:11:26', 1, '2024-05-05 16:29:45', '2024-05-05 16:29:45'),
('47033739-5615-416c-adba-18910326160f', 0.19, 0.02, 3.10, 2.35, '2023-11-29 05:16:11', 1, '2024-05-05 16:29:47', '2024-05-05 16:29:47'),
('470949f5-883e-44ba-9650-c7010860abab', 0.13, 0.02, 2.93, 2.85, '2023-11-15 21:08:08', 1, '2024-05-05 16:29:46', '2024-05-05 16:29:46'),
('471bf281-b95c-44c4-a866-820a01d75eb3', 0.18, 0.02, 3.10, 2.55, '2023-11-06 05:00:47', 1, '2024-05-05 16:29:45', '2024-05-05 16:29:45'),
('47d5d3ae-aa56-429a-8944-142628ec6941', 0.18, 0.02, 3.59, 2.55, '2023-11-11 03:25:39', 1, '2024-05-05 16:29:46', '2024-05-05 16:29:46'),
('47e4bfa6-29a0-42cd-8fd0-3cdc84b3104f', 0.17, 0.02, 3.16, 2.62, '2023-11-09 13:41:04', 1, '2024-05-05 16:29:46', '2024-05-05 16:29:46'),
('47e7dcbe-9cce-40cc-8834-579e369def01', 0.15, 0.02, 3.03, 2.32, '2023-11-22 13:19:01', 1, '2024-05-05 16:29:46', '2024-05-05 16:29:46'),
('481127f5-f645-430e-9bd7-5a0385dbaa3a', 0.18, 0.02, 2.87, 2.63, '2023-11-04 17:37:47', 1, '2024-05-05 16:29:45', '2024-05-05 16:29:45'),
('486ac4e9-6a7f-4661-8b46-a57e1366918d', 0.15, 0.02, 3.11, 2.49, '2023-10-18 09:15:46', 1, '2024-05-05 16:29:47', '2024-05-05 16:29:47'),
('487e93fc-dc0d-45d6-94cc-ae66375c6de2', 0.09, 0.02, 3.06, 2.52, '2023-11-10 17:37:47', 1, '2024-05-05 16:29:46', '2024-05-05 16:29:46'),
('4a809b2f-5b88-4613-b54c-9f9c9006f119', 0.18, 0.02, 3.53, 2.53, '2023-10-18 17:03:49', 1, '2024-05-05 16:29:47', '2024-05-05 16:29:47'),
('4a95bace-2f40-4234-9d4e-29bf2d79326c', 0.15, 0.02, 2.79, 2.67, '2023-10-06 05:11:48', 1, '2024-05-05 16:29:47', '2024-05-05 16:29:47'),
('4a96e428-4d2a-4466-ad6c-fd31cf581a02', 0.20, 0.02, 3.24, 3.06, '2023-11-05 05:06:47', 1, '2024-05-05 16:29:45', '2024-05-05 16:29:45'),
('4b921d69-11db-4e7d-b4e2-f715c4cc1989', 0.14, 0.02, 2.62, 2.71, '2023-11-26 17:38:35', 1, '2024-05-05 16:29:46', '2024-05-05 16:29:46'),
('4c46d21c-7b73-42f7-b8c4-7afa64634304', 0.19, 0.02, 3.35, 2.54, '2023-11-05 13:08:53', 1, '2024-05-05 16:29:45', '2024-05-05 16:29:45'),
('4d1879bd-5169-4b8d-9433-572f69b63e24', 0.15, 0.02, 3.00, 2.66, '2023-10-10 21:08:08', 1, '2024-05-05 16:29:47', '2024-05-05 16:29:47'),
('4d9d3f69-a22f-45f4-b38a-ac7c97087304', 0.16, 0.02, 3.00, 2.57, '2023-10-13 13:08:53', 1, '2024-05-05 16:29:47', '2024-05-05 16:29:47'),
('4f029c99-acf5-4d10-9f7a-43c4f501a956', 0.18, 0.02, 3.08, 2.65, '2023-11-01 05:06:47', 1, '2024-05-05 16:29:45', '2024-05-05 16:29:45'),
('4f0912d6-0976-42b8-a20b-c09c1a19dc77', 0.25, 0.02, 2.94, 2.13, '2023-10-26 05:29:51', 1, '2024-05-05 16:29:48', '2024-05-05 16:29:48'),
('4f77eb10-8c3b-4762-9a9c-b492c5b8d26d', 0.17, 0.02, 3.36, 2.55, '2023-10-19 13:05:47', 1, '2024-05-05 16:29:47', '2024-05-05 16:29:47'),
('4fb91916-bf7e-4b2a-bb8a-b540ea87d455', 0.15, 0.02, 2.77, 2.66, '2023-10-13 03:20:26', 1, '2024-05-05 16:29:47', '2024-05-05 16:29:47'),
('4fd61d3e-0b01-47b4-9dbc-b8a7bc82e5df', 0.15, 0.02, 2.56, 2.69, '2023-11-27 07:42:05', 1, '2024-05-05 16:29:47', '2024-05-05 16:29:47'),
('50024668-56a4-4c1d-a966-ebf1912202f1', 0.18, 0.02, 2.67, 2.63, '2023-11-03 07:15:02', 1, '2024-05-05 16:29:45', '2024-05-05 16:29:45'),
('51494820-d860-47fa-8edb-694c3565844b', 0.15, 0.02, 2.49, 2.71, '2023-11-18 05:14:50', 1, '2024-05-05 16:29:46', '2024-05-05 16:29:46'),
('51a05eae-3088-462a-b182-491ed8a40244', 0.20, 0.02, 3.94, 2.49, '2023-11-28 05:27:02', 1, '2024-05-05 16:29:47', '2024-05-05 16:29:47'),
('51c8dbd3-8229-4c4e-8a09-e80d7ccfd074', 0.21, 0.02, 3.22, 2.52, '2023-10-23 03:04:15', 1, '2024-05-05 16:29:48', '2024-05-05 16:29:48'),
('521f77d7-06fe-4f47-b2e6-ddfb80c3db4f', 0.16, 0.02, 2.87, 2.70, '2023-10-03 21:08:08', 1, '2024-05-05 16:29:47', '2024-05-05 16:29:47'),
('5220a876-1674-4884-8d34-e330a35deb72', 0.16, 0.02, 3.07, 2.46, '2023-10-17 07:17:02', 1, '2024-05-05 16:29:47', '2024-05-05 16:29:47'),
('522299c8-562b-4cea-b21b-adaa6b90201e', 0.23, 0.02, 3.19, 2.30, '2023-11-10 09:11:26', 1, '2024-05-05 16:29:46', '2024-05-05 16:29:46'),
('5243127a-7e45-46c0-becc-f4470df1f11d', 0.22, 0.02, 1.41, 2.28, '2023-10-26 02:26:50', 1, '2024-05-05 16:29:48', '2024-05-05 16:29:48'),
('52a1e621-85fd-40aa-89dc-00abfc4d6b33', 0.16, 0.02, 3.42, 2.56, '2023-11-06 09:10:25', 1, '2024-05-05 16:29:45', '2024-05-05 16:29:45'),
('53af8d56-86a5-4937-916b-49b9f1e64c82', 0.18, 0.02, 3.26, 2.60, '2023-10-06 09:10:05', 1, '2024-05-05 16:29:47', '2024-05-05 16:29:47'),
('54192623-5df4-4f55-b554-bc1c33bf735a', 0.19, 0.02, 3.51, 2.57, '2023-10-29 12:27:49', 1, '2024-05-05 16:29:48', '2024-05-05 16:29:48'),
('545ffd7f-35b3-4cac-a1a8-5616ec34e1c4', 0.16, 0.02, 3.53, 2.66, '2023-11-14 17:36:58', 1, '2024-05-05 16:29:46', '2024-05-05 16:29:46'),
('548f049e-76d3-4068-9391-07efd5945cfe', 0.20, 0.02, 3.50, 2.38, '2023-10-31 13:22:17', 1, '2024-05-05 16:29:48', '2024-05-05 16:29:48'),
('54a01e89-f6e7-4cea-9cd0-fe8744fb94b5', 0.18, 0.02, 2.38, 2.72, '2023-10-04 14:09:53', 1, '2024-05-05 16:29:47', '2024-05-05 16:29:47'),
('54c0d962-c244-4f36-88b6-1299f85498ac', 0.18, 0.02, 2.90, 2.57, '2023-11-03 09:11:26', 1, '2024-05-05 16:29:45', '2024-05-05 16:29:45'),
('54df6cfc-7ba6-4dc5-b439-afef421726c5', 0.18, 0.02, 3.83, 2.51, '2023-11-30 09:07:04', 1, '2024-05-05 16:29:47', '2024-05-05 16:29:47'),
('551a2dcc-b888-4435-823b-51f7b30d8725', 0.15, NULL, 2.93, 2.61, '2023-11-13 03:20:26', 1, '2024-05-05 16:29:46', '2024-05-05 16:29:46'),
('5594fc0c-d45f-4f01-b6e2-e9447c4b1b26', 0.20, 0.02, 3.31, 2.55, '2023-11-06 03:25:39', 1, '2024-05-05 16:29:45', '2024-05-05 16:29:45'),
('55b0ae63-2722-4695-a7c6-5d21a533a65f', 0.20, 0.02, 2.79, 2.23, '2023-11-02 09:10:25', 1, '2024-05-05 16:29:45', '2024-05-05 16:29:45'),
('562ede5e-f785-495b-8270-2442e722b5d7', 0.15, 0.02, 3.40, 2.66, '2023-10-29 09:38:36', 1, '2024-05-05 16:29:48', '2024-05-05 16:29:48'),
('576c0109-58e0-4fe0-8c2f-6f666eebc822', 0.19, 0.02, 3.10, 2.52, '2023-10-21 17:01:47', 1, '2024-05-05 16:29:48', '2024-05-05 16:29:48'),
('578ce269-9f8f-47ae-9376-c46bc3339a8f', 0.23, 0.02, 3.49, 2.83, '2023-11-14 01:10:29', 1, '2024-05-05 16:29:46', '2024-05-05 16:29:46'),
('588fa931-0b89-4d35-9239-908f1f76bc2b', 0.16, 0.02, 2.79, 2.70, '2023-10-29 17:05:40', 1, '2024-05-05 16:29:48', '2024-05-05 16:29:48'),
('59044d5a-4769-4347-a4c6-d6df15ce0a45', 0.17, 0.02, 2.53, 2.57, '2023-11-22 01:03:19', 1, '2024-05-05 16:29:46', '2024-05-05 16:29:46'),
('592657a2-1621-428d-b347-a30de5571232', 0.20, 0.02, 2.87, 2.35, '2023-10-30 13:20:09', 1, '2024-05-05 16:29:48', '2024-05-05 16:29:48'),
('5988f2b1-87e8-4c55-b061-30146f557011', 0.16, 0.02, 2.15, 3.17, '2023-10-29 21:17:31', 1, '2024-05-05 16:29:48', '2024-05-05 16:29:48'),
('59c51c4e-dc67-4c52-bfee-b3d7e2de4e17', 0.15, 0.02, 3.50, 2.65, '2023-11-13 13:13:39', 1, '2024-05-05 16:29:46', '2024-05-05 16:29:46'),
('59ddd097-9de2-4c4b-9953-3e14d1c2338c', 0.16, 0.02, 2.63, 2.71, '2023-10-03 17:27:58', 1, '2024-05-05 16:29:47', '2024-05-05 16:29:47'),
('59f827b8-4adf-431b-b851-1c727c71131f', 0.19, 0.02, 3.04, 2.56, '2023-11-10 21:05:30', 1, '2024-05-05 16:29:46', '2024-05-05 16:29:46'),
('5a16f1e9-a0f0-4dbb-a334-b42d1515f6a6', 0.16, 0.02, 3.79, 2.53, '2023-11-11 13:05:51', 1, '2024-05-05 16:29:46', '2024-05-05 16:29:46'),
('5a31438a-6512-41cc-a0fc-5648d5426164', 0.17, 0.02, 2.00, 2.80, '2023-11-02 17:37:47', 1, '2024-05-05 16:29:45', '2024-05-05 16:29:45'),
('5ac463d7-7e32-44e6-98a3-7f281f26f5fa', 0.19, 0.02, 3.07, 2.58, '2023-11-10 21:08:08', 1, '2024-05-05 16:29:46', '2024-05-05 16:29:46'),
('5add7311-1b3e-4aae-a645-6ae326fa4a9b', 0.18, 0.02, 3.44, 2.57, '2023-10-19 13:06:46', 1, '2024-05-05 16:29:47', '2024-05-05 16:29:47'),
('5ae3549e-31a5-4e4d-87df-4338bbaa0708', 0.14, 0.02, 2.66, 2.75, '2023-11-21 01:14:51', 1, '2024-05-05 16:29:46', '2024-05-05 16:29:46'),
('5af73d4e-4579-4235-bbfc-a74a4032ab2b', 0.14, 0.02, 2.48, 2.83, '2023-11-18 21:30:50', 1, '2024-05-05 16:29:46', '2024-05-05 16:29:46'),
('5b19c8fc-8384-4725-97b4-92f2ddb17662', 0.26, 0.02, 2.91, 2.12, '2023-10-26 05:31:09', 1, '2024-05-05 16:29:48', '2024-05-05 16:29:48'),
('5b81a96c-7fb4-4477-81b1-b28edbefb7fb', 0.18, 0.02, 3.26, 2.58, '2023-10-19 03:03:49', 1, '2024-05-05 16:29:47', '2024-05-05 16:29:47'),
('5c5ba4b1-6e54-4b94-8d48-9fc689b0563d', 0.14, 0.02, 2.72, 3.02, '2023-10-29 05:56:55', 1, '2024-05-05 16:29:48', '2024-05-05 16:29:48'),
('5cd431c6-9029-4bc7-b02b-d7e895619178', 0.18, 0.02, 3.82, 2.49, '2023-11-09 09:02:19', 1, '2024-05-05 16:29:46', '2024-05-05 16:29:46'),
('5d29ded2-d33d-41d9-8d83-a227828e2fa0', 0.10, 0.02, 2.85, 2.81, '2023-11-14 03:20:26', 1, '2024-05-05 16:29:46', '2024-05-05 16:29:46'),
('5d38aa35-7a08-42c6-85f4-d61e6f3a0df2', 0.14, 0.02, 2.52, 2.62, '2023-10-30 04:18:36', 1, '2024-05-05 16:29:48', '2024-05-05 16:29:48'),
('5d468d51-d24d-4e22-9314-539a6d32589c', 0.12, 0.02, 2.72, 2.90, '2023-11-28 14:35:30', 1, '2024-05-05 16:29:47', '2024-05-05 16:29:47'),
('5d640f6e-e424-465d-989a-91ef4e8fe686', 0.17, 0.02, 3.31, 2.56, '2023-11-09 21:08:08', 1, '2024-05-05 16:29:46', '2024-05-05 16:29:46'),
('5e3f2d8e-2642-4f39-a5f7-e465f8ba927f', 0.16, 0.02, 2.40, 2.62, '2023-11-14 05:06:47', 1, '2024-05-05 16:29:46', '2024-05-05 16:29:46'),
('5eec134e-2488-405c-85bd-eb606fb8c9a6', 0.22, 0.02, 3.75, 2.22, '2023-11-30 05:32:27', 1, '2024-05-05 16:29:47', '2024-05-05 16:29:47'),
('5eee0c44-5ba1-442e-8e92-ee701bec51e5', 0.14, 0.02, 2.94, 2.57, '2023-10-13 09:11:26', 1, '2024-05-05 16:29:47', '2024-05-05 16:29:47'),
('5f024caf-5e45-4e72-9fc1-0520318df94c', 0.19, 0.02, 2.75, 2.55, '2023-11-02 03:25:39', 1, '2024-05-05 16:29:45', '2024-05-05 16:29:45'),
('5fb75a6a-d0ee-4fd8-82b2-ce10834b7425', 0.15, 0.02, 2.68, 2.68, '2023-11-16 01:09:52', 1, '2024-05-05 16:29:46', '2024-05-05 16:29:46'),
('60120180-cef0-41b8-9142-c28d7c783bfd', 0.11, 0.02, 2.62, 2.05, '2023-11-25 03:44:39', 1, '2024-05-05 16:29:46', '2024-05-05 16:29:46'),
('60af29d4-9ec7-45c5-a4ac-718dfa21901d', 0.22, 0.02, 3.69, 2.40, '2023-11-28 04:06:47', 1, '2024-05-05 16:29:47', '2024-05-05 16:29:47'),
('60cc53d2-a0a3-4ece-b083-9d78d1872b6f', 0.14, 0.02, 2.84, 2.70, '2023-11-27 06:05:02', 1, '2024-05-05 16:29:47', '2024-05-05 16:29:47'),
('60ec1638-c9be-4ad3-9cb9-fe421918f541', 0.14, 0.02, 3.85, 2.54, '2023-11-13 07:03:23', 1, '2024-05-05 16:29:46', '2024-05-05 16:29:46'),
('62232958-2d22-4300-b5e7-09a5d6b73829', 0.23, 0.02, 3.65, 2.05, '2023-11-30 04:44:39', 1, '2024-05-05 16:29:47', '2024-05-05 16:29:47'),
('63435444-fd65-4887-90a7-17b7771ec219', 0.24, 0.02, 3.59, 2.39, '2023-10-22 12:12:55', 1, '2024-05-05 16:29:48', '2024-05-05 16:29:48'),
('63438d19-c4e2-483f-8292-3f5ff29cfa6e', 0.19, 0.02, 3.08, 2.57, '2023-10-25 05:29:15', 1, '2024-05-05 16:29:48', '2024-05-05 16:29:48'),
('636b62a9-e98d-4fe4-86fd-7e8d3d3ef710', 0.17, 0.02, 2.00, 3.02, '2023-11-02 21:08:08', 1, '2024-05-05 16:29:45', '2024-05-05 16:29:45'),
('637dbf0d-a787-4d58-8c7b-520b108c0140', 0.18, 0.02, 3.26, 2.56, '2023-11-07 05:51:40', 1, '2024-05-05 16:29:46', '2024-05-05 16:29:46'),
('63d95610-66dd-4e34-9b8a-2d881178a548', 0.21, 0.02, 2.87, 2.29, '2023-10-20 05:08:51', 1, '2024-05-05 16:29:47', '2024-05-05 16:29:47'),
('63f998bb-215a-4a4b-8229-49163d3ee4bb', 0.15, 0.02, 3.40, 2.71, '2023-11-18 13:00:45', 1, '2024-05-05 16:29:46', '2024-05-05 16:29:46'),
('640cbe00-d496-4068-b0c9-37abd5744dab', 0.16, 0.02, 3.01, 2.59, '2023-10-21 05:05:58', 1, '2024-05-05 16:29:48', '2024-05-05 16:29:48'),
('64cb5440-f005-49fe-b304-45619d862c69', 0.19, 0.02, 3.07, 2.50, '2023-11-08 05:17:40', 1, '2024-05-05 16:29:46', '2024-05-05 16:29:46'),
('64d82e13-35df-46ba-9478-73223934290d', 0.16, 0.02, 2.52, 2.74, '2023-11-01 17:36:58', 1, '2024-05-05 16:29:45', '2024-05-05 16:29:45'),
('64f1ff9f-ea54-415f-9025-6c4722adc676', 0.15, 0.02, 3.78, 2.67, '2023-10-16 21:09:08', 1, '2024-05-05 16:29:47', '2024-05-05 16:29:47'),
('64f62fe0-6a12-42c9-8935-cb4d38863c74', 0.14, 0.02, 2.72, 2.72, '2023-11-26 17:40:32', 1, '2024-05-05 16:29:46', '2024-05-05 16:29:46'),
('651b9330-2edf-4428-bcae-107b3f9a7b52', 0.14, 0.02, 3.03, 2.73, '2023-10-09 12:56:47', 1, '2024-05-05 16:29:47', '2024-05-05 16:29:47'),
('65a10979-170a-4000-b6d4-9273150fa658', 0.18, 0.02, 3.49, 2.66, '2023-11-10 01:10:29', 1, '2024-05-05 16:29:46', '2024-05-05 16:29:46'),
('663ae25c-248f-44c1-8dbb-db37756776dc', 0.19, 0.02, 1.93, 2.45, '2023-11-02 05:06:47', 1, '2024-05-05 16:29:45', '2024-05-05 16:29:45'),
('66a86f10-8b82-4bd9-9795-454e0d60a46c', 0.15, 0.02, 3.06, 2.57, '2023-10-13 09:10:25', 1, '2024-05-05 16:29:47', '2024-05-05 16:29:47'),
('66d5c1f5-a295-4d21-b57b-4cb7928f49f1', 0.19, 0.02, 2.97, 2.51, '2023-10-06 03:00:21', 1, '2024-05-05 16:29:47', '2024-05-05 16:29:47'),
('67a60769-0dd4-4db3-a4e2-fd9c5d4379a5', 0.19, 0.02, 3.24, 2.52, '2023-11-11 01:10:29', 1, '2024-05-05 16:29:46', '2024-05-05 16:29:46'),
('67b088bb-2384-41e3-95ea-7ad06bf0d650', 0.12, 0.02, 3.26, 2.73, '2023-10-14 03:05:26', 1, '2024-05-05 16:29:47', '2024-05-05 16:29:47'),
('67cb055b-ca0f-4e4d-a8b5-91acb177ef06', 0.17, 0.02, 3.05, 2.55, '2023-11-02 13:05:51', 1, '2024-05-05 16:29:45', '2024-05-05 16:29:45'),
('67e173a9-ea85-4e12-b820-d2e8ea864f40', 0.15, 0.02, 2.90, 2.58, '2023-10-13 07:00:02', 1, '2024-05-05 16:29:47', '2024-05-05 16:29:47'),
('67ed8991-3175-4e61-85ab-987b54e23e2e', 0.23, 0.02, 3.30, 2.36, '2023-10-22 14:19:01', 1, '2024-05-05 16:29:48', '2024-05-05 16:29:48'),
('681d3ef4-f62a-4ae1-93eb-89094cbfb0d1', 0.17, 0.02, 2.73, 2.67, '2023-10-25 07:26:39', 1, '2024-05-05 16:29:48', '2024-05-05 16:29:48'),
('685aa5e3-78b5-4042-9eab-c7a0cd97d706', 0.22, 0.02, 3.62, 2.39, '2023-10-09 07:10:55', 1, '2024-05-05 16:29:47', '2024-05-05 16:29:47'),
('6860541d-2a09-407c-b2b6-160598126888', 0.14, 0.02, 3.17, 2.55, '2023-10-14 13:07:53', 1, '2024-05-05 16:29:47', '2024-05-05 16:29:47'),
('688c1709-6d03-43f8-9603-d07fba1868bc', 0.16, 0.02, 3.47, 2.51, '2023-10-18 01:04:19', 1, '2024-05-05 16:29:47', '2024-05-05 16:29:47'),
('68f267b1-a4e4-4bc3-bd0a-1eeea43370ff', 0.17, 0.02, 3.48, 2.55, '2023-10-18 13:00:45', 1, '2024-05-05 16:29:47', '2024-05-05 16:29:47'),
('69536839-5b98-4cde-a47d-38e9da2eff71', 0.18, 0.02, 3.95, 2.51, '2023-10-16 13:08:53', 1, '2024-05-05 16:29:47', '2024-05-05 16:29:47'),
('69bd7055-7824-4a7b-b093-924307603b21', 0.15, 0.02, 2.79, 2.70, '2023-10-29 17:07:11', 1, '2024-05-05 16:29:48', '2024-05-05 16:29:48'),
('69f1e860-aab7-4cd2-b058-0014778ba6f8', 0.14, 0.02, 3.16, 2.68, '2023-11-11 05:06:47', 1, '2024-05-05 16:29:46', '2024-05-05 16:29:46'),
('6a42dc23-7c32-4591-85f0-f35f468d217b', 0.17, 0.02, 2.94, 2.01, '2023-11-22 07:09:11', 1, '2024-05-05 16:29:46', '2024-05-05 16:29:46'),
('6a6154f4-a920-4d89-8710-24aa2a0b174c', 0.13, 0.02, 3.13, 2.59, '2023-10-03 09:10:25', 1, '2024-05-05 16:29:47', '2024-05-05 16:29:47'),
('6ab008fc-9f0a-43fd-9354-9261165b3515', 0.18, 0.02, 3.60, 2.52, '2023-10-24 09:26:10', 1, '2024-05-05 16:29:48', '2024-05-05 16:29:48'),
('6ad628d5-9dc5-425d-8ed3-ffb0b5370b2c', 0.09, 0.02, 2.82, 2.86, '2023-11-01 01:10:29', 1, '2024-05-05 16:29:45', '2024-05-05 16:29:45'),
('6aeb51a4-339b-458b-9bbc-b9404f8827bf', 0.15, 0.02, 2.51, 2.71, '2023-11-18 05:10:50', 1, '2024-05-05 16:29:46', '2024-05-05 16:29:46'),
('6afda672-a919-4173-87ab-7bb164508d10', 0.12, 0.02, 2.60, 2.61, '2023-10-02 17:36:58', 1, '2024-05-05 16:29:47', '2024-05-05 16:29:47'),
('6b8934c9-fcd1-4f81-950d-19f1a99c36bc', 0.23, 0.02, 3.53, 2.33, '2023-11-09 06:53:58', 1, '2024-05-05 16:29:46', '2024-05-05 16:29:46'),
('6c7eeaee-3305-4e77-a3c8-08b5c674edde', 0.19, 0.02, 3.18, 2.59, '2023-10-25 05:44:21', 1, '2024-05-05 16:29:48', '2024-05-05 16:29:48'),
('6caa6b8c-a36d-4ce5-81d1-ebfa5c1c76c8', 0.18, 0.02, 3.13, 2.42, '2023-10-04 07:05:02', 1, '2024-05-05 16:29:47', '2024-05-05 16:29:47'),
('6cb05102-778f-4f78-a46a-593a9a238afe', 0.19, 0.02, 2.37, 2.26, '2023-11-03 05:06:47', 1, '2024-05-05 16:29:45', '2024-05-05 16:29:45'),
('6d26a975-aa57-414c-904f-324dbc28a5cd', 0.19, 0.02, 3.08, 2.51, '2023-10-21 17:03:19', 1, '2024-05-05 16:29:48', '2024-05-05 16:29:48'),
('6e1dbf88-6423-4ade-a3ee-1ed4ce07985a', 0.18, 0.02, 3.30, 2.56, '2023-10-23 01:03:19', 1, '2024-05-05 16:29:48', '2024-05-05 16:29:48'),
('6e9bb5f3-6d68-46e7-89dc-2b28b005fba1', 0.14, 0.02, 3.11, 3.30, '2023-11-22 13:17:22', 1, '2024-05-05 16:29:46', '2024-05-05 16:29:46'),
('6effc7c9-ff92-4c6d-b935-e50ca7b77144', 0.14, 0.02, 2.59, 2.69, '2023-11-27 07:46:37', 1, '2024-05-05 16:29:47', '2024-05-05 16:29:47'),
('6f1a67ac-1a43-47bb-9a02-de5e1ee4fdd4', 0.20, 0.02, 3.04, 2.61, '2023-10-22 17:02:27', 1, '2024-05-05 16:29:48', '2024-05-05 16:29:48'),
('6f3f9566-479d-4998-8466-c7a94b04b741', 0.19, 0.02, 3.03, 2.32, '2023-11-29 05:19:01', 1, '2024-05-05 16:29:47', '2024-05-05 16:29:47'),
('6f7110b6-5bd0-4e39-83e3-af564ed977b9', 0.23, 0.02, 3.21, 2.40, '2023-11-05 09:11:26', 1, '2024-05-05 16:29:45', '2024-05-05 16:29:45'),
('6f788e8b-dea4-42d5-a2b4-a24278ba91f6', 0.14, 0.02, 2.74, 2.62, '2023-10-03 07:00:02', 1, '2024-05-05 16:29:47', '2024-05-05 16:29:47'),
('6f9fcbb5-6ba8-4f6f-9e30-398234a25602', 0.12, 0.02, 2.52, 2.69, '2023-10-02 12:12:55', 1, '2024-05-05 16:29:47', '2024-05-05 16:29:47'),
('6fa25c44-356e-472a-aa03-feaf1f89b73c', 2.13, 0.02, 2.41, 2.73, '2023-11-18 03:04:15', 1, '2024-05-05 16:29:46', '2024-05-05 16:29:46'),
('6fddb3a1-7156-4d3f-930e-113629e609e8', 0.23, 0.02, 2.61, 2.29, '2023-11-03 13:08:53', 1, '2024-05-05 16:29:45', '2024-05-05 16:29:45'),
('7000ff0c-b339-4314-8ff2-3fb48e424725', 0.15, 0.02, 3.43, 2.69, '2023-11-08 09:43:04', 1, '2024-05-05 16:29:46', '2024-05-05 16:29:46'),
('710ba970-59f0-410d-9731-bdef3ab3f371', 0.17, 0.02, 3.14, 2.53, '2023-10-15 17:07:47', 1, '2024-05-05 16:29:47', '2024-05-05 16:29:47'),
('725b02d1-5e90-429e-8ee0-3f4f6ee32388', 0.17, 0.02, 3.11, 3.78, '2023-10-19 05:14:50', 1, '2024-05-05 16:29:47', '2024-05-05 16:29:47'),
('728cf12b-fcdf-4c35-95c8-fd2128fce01c', 0.20, 0.02, 3.46, 2.38, '2023-10-31 13:23:27', 1, '2024-05-05 16:29:48', '2024-05-05 16:29:48'),
('7293ff93-5d38-47a7-bc12-cd6b6749bbc8', 0.16, 0.02, 3.06, 2.76, '2023-11-20 01:15:48', 1, '2024-05-05 16:29:46', '2024-05-05 16:29:46'),
('72ed82f2-4b62-4cba-b250-3f145dc43f70', 0.18, 0.02, 3.37, 2.56, '2023-11-09 02:59:51', 1, '2024-05-05 16:29:46', '2024-05-05 16:29:46'),
('73057288-f1ab-4fae-9179-66a5d38e217d', 0.12, 0.02, 2.49, 2.62, '2023-10-02 17:37:47', 1, '2024-05-05 16:29:47', '2024-05-05 16:29:47'),
('73d84c53-2aea-4ba6-99ca-fea9b681e0f1', 0.16, 0.02, 3.31, 2.56, '2023-11-10 13:08:53', 1, '2024-05-05 16:29:46', '2024-05-05 16:29:46'),
('74127f22-0e28-4735-98c7-d1087d3e6c38', 0.21, 0.02, 2.78, 2.29, '2023-10-20 05:11:48', 1, '2024-05-05 16:29:47', '2024-05-05 16:29:47'),
('74182266-60ee-4efd-aa33-117e8086f217', 0.14, 0.02, 2.72, 3.02, '2023-10-29 05:56:55', 1, '2024-05-05 16:29:48', '2024-05-05 16:29:48'),
('74f341f0-d084-4a9b-923e-901576fb0a48', 0.18, 0.02, 2.78, 2.64, '2023-10-31 05:50:21', 1, '2024-05-05 16:29:48', '2024-05-05 16:29:48'),
('752b6ba2-38ed-4917-9fae-1892dcf88c37', 0.13, 0.02, 2.99, 2.47, '2023-11-22 09:14:17', 1, '2024-05-05 16:29:46', '2024-05-05 16:29:46'),
('753712c0-4748-4487-a18f-67e79aee92dc', 0.15, 0.02, 0.21, 2.73, '2023-10-02 07:24:42', 1, '2024-05-05 16:29:47', '2024-05-05 16:29:47'),
('75490211-c274-4454-8ad2-3d346388426e', 0.19, 0.02, 3.34, 2.52, '2023-11-09 05:11:54', 1, '2024-05-05 16:29:46', '2024-05-05 16:29:46'),
('75f1f49e-6dc4-446e-bdd1-dfe6f9f7513c', 0.18, 0.02, 3.06, 2.50, '2023-11-08 05:16:50', 1, '2024-05-05 16:29:46', '2024-05-05 16:29:46'),
('767cb65e-ff7b-4789-9fe7-42c49705a1a1', 0.16, 0.02, 3.06, 2.66, '2023-11-21 09:15:53', 1, '2024-05-05 16:29:46', '2024-05-05 16:29:46'),
('769ddc43-a98d-4d7d-a43c-0f77fcb7475d', 0.22, 0.02, 3.18, 2.39, '2023-11-05 09:10:25', 1, '2024-05-05 16:29:45', '2024-05-05 16:29:45'),
('76be502a-23f3-4d6f-9b77-5aaf989a7c60', 0.18, 0.02, 3.24, 2.51, '2023-10-04 05:00:03', 1, '2024-05-05 16:29:47', '2024-05-05 16:29:47'),
('789a527d-5378-403a-b6c7-b9d746ab804a', 0.12, 0.02, 3.51, 2.51, '2023-11-24 07:07:04', 1, '2024-05-05 16:29:46', '2024-05-05 16:29:46'),
('78fc87b4-f0df-402a-b21a-e9b1f0d87dee', 0.13, 0.02, 3.46, 2.57, '2023-10-03 13:05:51', 1, '2024-05-05 16:29:47', '2024-05-05 16:29:47'),
('798acbb6-5583-4e02-a874-e2661c18655a', 0.16, 0.20, 2.72, 2.69, '2023-11-17 13:00:51', 1, '2024-05-05 16:29:46', '2024-05-05 16:29:46'),
('79af3ec0-36e4-4e48-bea6-d524422b4aae', 0.13, 0.02, 2.72, 2.76, '2023-11-22 17:02:27', 1, '2024-05-05 16:29:46', '2024-05-05 16:29:46'),
('79b71cf2-8a5e-4d70-bc32-75d235dfff67', 0.16, 0.02, 3.14, 2.48, '2023-10-21 09:15:53', 1, '2024-05-05 16:29:48', '2024-05-05 16:29:48'),
('79ff4dc8-7890-4d60-b040-1034fa36ed10', 0.18, 0.02, 3.46, 2.57, '2023-10-29 12:26:47', 1, '2024-05-05 16:29:48', '2024-05-05 16:29:48'),
('7a24fbe6-dd43-44c0-9457-16ce0eb19df1', 0.18, 0.02, 2.94, 2.55, '2023-10-13 05:04:47', 1, '2024-05-05 16:29:47', '2024-05-05 16:29:47'),
('7a705eb2-e43e-4edb-b0e7-4494bef24d40', 0.19, 0.02, 3.40, 3.47, '2023-11-10 05:00:47', 1, '2024-05-05 16:29:46', '2024-05-05 16:29:46'),
('7a9e04a5-7b23-4dc1-bff0-bd2b8c2e11bd', 0.17, 0.02, 2.42, 2.48, '2023-11-05 03:25:39', 1, '2024-05-05 16:29:45', '2024-05-05 16:29:45'),
('7aa85018-426d-4029-8144-2ea3072cc152', 0.13, 0.02, 3.33, 2.67, '2023-11-07 17:01:04', 1, '2024-05-05 16:29:46', '2024-05-05 16:29:46'),
('7b586447-cc2c-44fd-bbe4-8e317cfb59e9', 0.16, 0.02, 3.08, 2.73, '2023-11-11 21:05:30', 1, '2024-05-05 16:29:46', '2024-05-05 16:29:46'),
('7bca8230-7d3c-4214-b8f8-6a7e7e4019b9', 0.18, 0.02, 2.81, 2.61, '2023-11-04 21:08:08', 1, '2024-05-05 16:29:45', '2024-05-05 16:29:45'),
('7bf1bdda-048c-442f-965b-952b9c8ed96e', 0.16, 0.02, 3.17, 2.58, '2023-10-19 01:06:46', 1, '2024-05-05 16:29:47', '2024-05-05 16:29:47'),
('7c4c730a-aa8a-459c-badd-cf8b45b9181e', 0.15, 0.20, 3.07, 2.67, '2023-11-17 07:27:02', 1, '2024-05-05 16:29:46', '2024-05-05 16:29:46'),
('7c8671ce-4ca1-4ba4-9292-0e5d1bf6f9c7', 0.18, 0.02, 3.28, 2.51, '2023-11-10 07:18:47', 1, '2024-05-05 16:29:46', '2024-05-05 16:29:46'),
('7c88bef5-54eb-40c9-8c70-6c393476af16', 0.16, 0.02, 2.95, 2.62, '2023-10-29 03:45:16', 1, '2024-05-05 16:29:48', '2024-05-05 16:29:48'),
('7cb621b5-95e0-4a9c-b968-57693797025d', 0.19, 0.02, 3.35, 2.49, '2023-10-23 09:08:05', 1, '2024-05-05 16:29:48', '2024-05-05 16:29:48'),
('7d4195b6-ad01-4631-bea4-d2cb3027d62c', 0.22, 0.02, 3.18, 2.39, '2023-11-05 09:10:25', 1, '2024-05-05 16:29:45', '2024-05-05 16:29:45'),
('7da0f7c9-afcd-4c3a-96ef-d7cd24060e5b', 0.15, 0.02, 2.37, 2.65, '2023-11-14 05:00:47', 1, '2024-05-05 16:29:46', '2024-05-05 16:29:46'),
('7db86857-a270-484e-9be3-6cfbde70d404', 0.22, 0.02, 3.76, 2.38, '2023-11-28 04:05:47', 1, '2024-05-05 16:29:47', '2024-05-05 16:29:47'),
('7e13396a-d6d2-4836-9320-965045d22725', 0.17, 0.02, 2.91, 2.54, '2023-11-12 13:08:53', 1, '2024-05-05 16:29:46', '2024-05-05 16:29:46'),
('7e508a88-804d-44b0-9019-adf0812f4287', 0.13, 0.02, 3.08, 2.59, '2023-10-04 03:15:26', 1, '2024-05-05 16:29:47', '2024-05-05 16:29:47'),
('7e96a0a6-7217-4e8a-8c3a-2b0831d45dca', 0.20, 0.02, 3.35, 2.25, '2023-10-25 03:22:57', 1, '2024-05-05 16:29:48', '2024-05-05 16:29:48'),
('7ea2b73e-9db8-436b-ab3c-7ac92bfa6050', 0.16, 0.02, 3.36, 2.61, '2023-10-21 01:15:48', 1, '2024-05-05 16:29:47', '2024-05-05 16:29:47'),
('7eac0f29-c5a6-44cf-baf5-bfc27a81e5df', 0.18, 0.02, 3.38, 2.47, '2023-11-29 05:14:17', 1, '2024-05-05 16:29:47', '2024-05-05 16:29:47'),
('7f071766-6b7e-4e8e-86f2-aee2a8dca9f0', 0.21, 0.02, 3.75, 2.49, '2023-11-27 21:10:08', 1, '2024-05-05 16:29:47', '2024-05-05 16:29:47'),
('7f45ed5c-22b0-4f6a-8903-10e95d97c2d8', 0.19, 0.02, 3.30, 2.45, '2023-10-23 09:07:04', 1, '2024-05-05 16:29:48', '2024-05-05 16:29:48'),
('7f6d893e-0908-4b89-91a4-a689ae02f3b5', 0.17, 0.02, 1.96, 2.78, '2023-11-02 17:36:58', 1, '2024-05-05 16:29:45', '2024-05-05 16:29:45'),
('7faa2b3b-0f42-4c27-804d-2f9ebb4383a0', 0.16, 0.02, 2.82, 2.72, '2023-10-24 17:20:19', 1, '2024-05-05 16:29:48', '2024-05-05 16:29:48');
INSERT INTO `analisasawits` (`id`, `vm`, `nos`, `ffa`, `dobi`, `waktu_analisis`, `user_id`, `created_at`, `updated_at`) VALUES
('804ea545-1253-41eb-8b8c-9adf4e1c8a99', 0.18, 0.02, 3.55, 2.70, '2023-10-25 14:36:32', 1, '2024-05-05 16:29:48', '2024-05-05 16:29:48'),
('81284ae7-61f8-41d5-b4e9-fee621cc586e', 0.12, 0.02, 2.72, 2.66, '2023-10-27 17:37:47', 1, '2024-05-05 16:29:48', '2024-05-05 16:29:48'),
('822a1e38-e06e-4509-80ae-f5c3d730244d', 0.13, 0.02, 3.12, 2.65, '2023-10-20 01:15:48', 1, '2024-05-05 16:29:47', '2024-05-05 16:29:47'),
('824bfaee-261a-4bbe-8844-1592cc7f8dd3', 0.18, 0.02, 3.24, 2.53, '2023-10-24 07:34:37', 1, '2024-05-05 16:29:48', '2024-05-05 16:29:48'),
('83389a8e-71fa-4f78-b634-a1f1419f2a7b', 0.16, 0.02, 2.97, 2.61, '2023-10-29 02:10:09', 1, '2024-05-05 16:29:48', '2024-05-05 16:29:48'),
('833d28bd-5cd1-4b31-ad81-890bcdb5eaf3', 0.16, 0.02, 3.08, 2.60, '2023-10-21 05:08:17', 1, '2024-05-05 16:29:48', '2024-05-05 16:29:48'),
('838ab76f-6105-41a0-80ff-c7da53934790', 0.13, 0.02, 2.40, 2.86, '2023-11-21 21:04:42', 1, '2024-05-05 16:29:46', '2024-05-05 16:29:46'),
('83c7e505-ab0f-43d7-8f09-c0a2d247533d', 0.17, 0.02, 3.13, 2.57, '2023-10-17 17:05:54', 1, '2024-05-05 16:29:47', '2024-05-05 16:29:47'),
('8457f2b5-45d8-4a82-b30a-cca469e39fd4', 0.09, 0.02, 3.35, 2.72, '2023-10-03 01:04:47', 1, '2024-05-05 16:29:47', '2024-05-05 16:29:47'),
('84b4f882-ccd2-4222-a52f-7a07d9467695', 0.16, 0.02, 2.82, 2.72, '2023-10-25 17:27:11', 1, '2024-05-05 16:29:48', '2024-05-05 16:29:48'),
('84c55e74-ea19-4525-b6e6-2f89c5fa808a', 0.13, 0.02, 3.14, 2.93, '2023-10-15 21:05:30', 1, '2024-05-05 16:29:47', '2024-05-05 16:29:47'),
('84ed874b-611c-417c-8432-e56b66cc48dd', 0.19, 0.02, 3.34, 2.54, '2023-11-05 13:15:56', 1, '2024-05-05 16:29:45', '2024-05-05 16:29:45'),
('853769f9-5dab-4c8f-86d3-0d5b21d54c44', 0.49, 0.02, 0.33, 0.00, '2023-10-20 09:10:05', 1, '2024-05-05 16:29:47', '2024-05-05 16:29:47'),
('856e8542-b900-445d-952e-94d75998fce2', 0.16, 0.02, 3.04, 2.62, '2023-10-29 02:09:03', 1, '2024-05-05 16:29:48', '2024-05-05 16:29:48'),
('85b56fea-4b3d-4b71-bf36-f7c25f434211', 0.19, 0.02, 3.22, 2.66, '2023-11-13 17:37:47', 1, '2024-05-05 16:29:46', '2024-05-05 16:29:46'),
('86087068-499b-4b7e-b425-9192fdbc6cb1', 2.15, 0.02, 2.58, 2.73, '2023-11-18 03:05:54', 1, '2024-05-05 16:29:46', '2024-05-05 16:29:46'),
('8665acbc-35b0-4605-a6f9-608e707798e6', 0.20, 0.02, 2.88, 2.55, '2023-10-22 21:05:42', 1, '2024-05-05 16:29:48', '2024-05-05 16:29:48'),
('866ade91-cc14-47ff-ab22-356ae2ee365c', 0.19, 0.02, 2.80, 2.21, '2023-11-02 09:11:26', 1, '2024-05-05 16:29:45', '2024-05-05 16:29:45'),
('87176372-c38a-41a3-b729-61f1f08047cd', 0.13, 0.02, 2.16, 2.75, '2023-10-02 05:13:25', 1, '2024-05-05 16:29:47', '2024-05-05 16:29:47'),
('8766c7dd-6913-4753-8a44-eba1e0fbf2a5', 0.20, 0.02, 2.95, 2.48, '2023-10-25 01:46:58', 1, '2024-05-05 16:29:48', '2024-05-05 16:29:48'),
('88378886-4545-4aab-8df5-116153816ea8', 0.14, 0.02, 2.56, 2.64, '2023-10-30 04:20:47', 1, '2024-05-05 16:29:48', '2024-05-05 16:29:48'),
('886b7836-f0c9-4d27-a00b-8fc5628adbb7', 0.17, 0.02, 3.01, 2.51, '2023-10-15 17:06:58', 1, '2024-05-05 16:29:47', '2024-05-05 16:29:47'),
('888b576e-68aa-467d-b16c-8bc26b48c619', 0.18, 0.02, 3.05, 2.40, '2023-11-06 07:18:47', 1, '2024-05-05 16:29:45', '2024-05-05 16:29:45'),
('88926ee6-64da-47e6-9a88-b3303d5cab50', 0.20, NULL, 3.49, 2.56, '2023-11-13 05:56:32', 1, '2024-05-05 16:29:46', '2024-05-05 16:29:46'),
('89075ff9-2623-4cfc-b49a-290b53e4c4ce', 0.12, 0.02, 2.94, 2.22, '2023-11-25 05:32:27', 1, '2024-05-05 16:29:46', '2024-05-05 16:29:46'),
('890d6e93-5c13-499f-bb74-70e861f70860', 0.18, 0.02, 3.42, 2.53, '2023-10-23 01:01:47', 1, '2024-05-05 16:29:48', '2024-05-05 16:29:48'),
('893d96f9-39eb-4667-b907-22734e0b4e8e', 0.16, 0.02, 2.78, 2.59, '2023-11-01 21:05:30', 1, '2024-05-05 16:29:45', '2024-05-05 16:29:45'),
('8adad267-f4a6-4728-b711-cf9165477538', 0.13, 0.02, 3.61, 2.51, '2023-10-16 09:11:26', 1, '2024-05-05 16:29:47', '2024-05-05 16:29:47'),
('8b209a70-5a0d-4cf3-9f76-0ac5290350c7', 0.19, 0.02, 3.29, 2.55, '2023-11-07 09:20:38', 1, '2024-05-05 16:29:46', '2024-05-05 16:29:46'),
('8b444806-f17a-4e51-bb2c-38504aca9f62', 0.24, 0.02, 2.63, 2.29, '2023-11-03 13:02:51', 1, '2024-05-05 16:29:45', '2024-05-05 16:29:45'),
('8b98203e-5f66-4969-a1f7-7ce9ed612877', 0.17, 0.02, 3.25, 2.55, '2023-11-10 13:05:51', 1, '2024-05-05 16:29:46', '2024-05-05 16:29:46'),
('8bc5549a-871c-49f5-b328-dc39727b44b8', 0.17, 0.02, 3.24, 2.58, '2023-10-30 06:14:32', 1, '2024-05-05 16:29:48', '2024-05-05 16:29:48'),
('8bf23e8c-bf7c-4587-9299-6f9d0af9320d', 0.18, 0.02, 2.41, 2.57, '2023-10-26 03:53:33', 1, '2024-05-05 16:29:48', '2024-05-05 16:29:48'),
('8c41dc7d-dadc-471b-90f9-34d6ebfa8ad0', 0.20, 0.02, 2.87, 2.35, '2023-10-30 13:20:09', 1, '2024-05-05 16:29:48', '2024-05-05 16:29:48'),
('8c68f29c-2aa5-4674-9ed0-11b04647590d', 0.23, 0.02, 3.32, 2.25, '2023-10-21 07:16:58', 1, '2024-05-05 16:29:48', '2024-05-05 16:29:48'),
('8ccb40a4-f973-42e6-a862-42ff3d72d6e6', 0.12, 0.02, 2.81, 2.71, '2023-11-18 07:00:49', 1, '2024-05-05 16:29:46', '2024-05-05 16:29:46'),
('8d0d32a2-7b55-4fa2-9203-5b19944d9854', 0.12, 0.02, 2.91, 2.81, '2023-10-31 09:51:36', 1, '2024-05-05 16:29:48', '2024-05-05 16:29:48'),
('8d13518c-a413-4fca-8874-19ece4607934', 0.18, 0.02, 3.92, 2.50, '2023-11-13 09:30:40', 1, '2024-05-05 16:29:46', '2024-05-05 16:29:46'),
('8d47536e-9a7c-4de3-a7d3-9b2a25d0ff85', 0.14, 0.02, 3.19, 2.50, '2023-10-13 17:27:58', 1, '2024-05-05 16:29:47', '2024-05-05 16:29:47'),
('8d5b5834-6a31-45d8-b810-d20e5dadb0e2', 0.17, 0.02, 3.24, 2.58, '2023-10-30 06:14:32', 1, '2024-05-05 16:29:48', '2024-05-05 16:29:48'),
('8df5051a-05a6-406f-ac80-c9d9b6f5f0a3', 0.21, 0.02, 3.75, 2.49, '2023-11-27 21:10:08', 1, '2024-05-05 16:29:47', '2024-05-05 16:29:47'),
('8e1be2df-0ab4-4507-a5f3-b96e97d87ad8', 0.19, 0.02, 2.86, 2.63, '2023-11-16 13:08:53', 1, '2024-05-05 16:29:46', '2024-05-05 16:29:46'),
('8e98c98f-3e38-4292-9684-d2586557d4cf', 0.16, 0.02, 3.24, 2.70, '2023-11-15 03:20:26', 1, '2024-05-05 16:29:46', '2024-05-05 16:29:46'),
('8ea56dbb-3a6b-4190-b359-090e993b7ba0', 0.21, 0.02, 2.17, 2.35, '2023-10-31 17:04:30', 1, '2024-05-05 16:29:45', '2024-05-05 16:29:45'),
('8f3ed36a-fea0-4ec7-9b42-8bf3717b2561', 0.12, 0.02, 3.21, 2.51, '2023-11-25 07:07:04', 1, '2024-05-05 16:29:46', '2024-05-05 16:29:46'),
('8fa2df8e-ad24-4756-a9ec-50d0b9786e4b', 0.15, 0.02, 3.28, 2.53, '2023-10-14 13:05:51', 1, '2024-05-05 16:29:47', '2024-05-05 16:29:47'),
('8ff8051f-0af9-40cb-a174-0ffc885e0ab3', 0.17, 0.02, 3.89, 2.48, '2023-11-11 09:11:26', 1, '2024-05-05 16:29:46', '2024-05-05 16:29:46'),
('90352f5c-260f-421a-83b4-d584e5792945', 0.22, 0.02, 3.49, 2.84, '2023-11-14 01:09:52', 1, '2024-05-05 16:29:46', '2024-05-05 16:29:46'),
('9045b2b5-4fe3-4f9d-93db-da8b02266348', 7.12, 0.02, 85.45, 7.40, '2023-11-06 01:13:29', 1, '2024-05-05 16:29:45', '2024-05-05 16:29:45'),
('90aca01f-d6f0-451b-8b84-ff660270a4ed', 0.16, 0.02, 3.14, 2.46, '2023-10-18 09:11:47', 1, '2024-05-05 16:29:47', '2024-05-05 16:29:47'),
('90ae87a1-ae3f-46c5-a7b7-7aac7beada71', 0.16, 0.02, 2.95, 2.62, '2023-10-29 03:45:16', 1, '2024-05-05 16:29:48', '2024-05-05 16:29:48'),
('910e7635-4c68-4f65-b2e8-1a9ea9c67d48', 0.18, 0.02, 3.17, 2.51, '2023-10-24 07:36:05', 1, '2024-05-05 16:29:48', '2024-05-05 16:29:48'),
('91410679-8775-4808-8dd0-fde42dfe420d', 0.09, 0.02, 2.80, 2.68, '2023-11-23 13:00:18', 1, '2024-05-05 16:29:46', '2024-05-05 16:29:46'),
('921fcb6e-2e03-4835-8194-f91c7cc28faa', 0.13, 0.02, 2.68, 2.89, '2023-11-28 14:36:40', 1, '2024-05-05 16:29:47', '2024-05-05 16:29:47'),
('92d0b5b7-372e-4952-81b0-f977b38522ff', 0.16, 0.02, 3.27, 2.72, '2023-11-13 21:08:08', 1, '2024-05-05 16:29:46', '2024-05-05 16:29:46'),
('92eaba83-18f0-4d2f-9492-eb0c6eb209fe', 0.13, 0.02, 3.65, 2.54, '2023-10-16 09:10:25', 1, '2024-05-05 16:29:47', '2024-05-05 16:29:47'),
('931e9d32-6691-4a42-a674-8136bb61c333', 0.17, 0.02, 3.25, 2.63, '2023-11-07 21:22:17', 1, '2024-05-05 16:29:46', '2024-05-05 16:29:46'),
('9356fcbd-9b28-4912-8c0c-b76bd4d5fdfa', 0.18, 0.02, 3.20, 2.62, '2023-11-27 04:13:11', 1, '2024-05-05 16:29:47', '2024-05-05 16:29:47'),
('935dd619-e2d6-4e85-8e15-cd21e3eae532', 0.12, 0.02, 3.54, 2.51, '2023-11-24 07:00:04', 1, '2024-05-05 16:29:46', '2024-05-05 16:29:46'),
('93f3fb26-b03a-4a3c-a20a-a1ef3148fe7d', 0.08, 0.02, 3.01, 2.95, '2023-11-26 21:45:20', 1, '2024-05-05 16:29:47', '2024-05-05 16:29:47'),
('9468b839-1b8c-4a58-ba4f-5b54fcfc75cb', 0.13, 0.02, 3.61, 2.55, '2023-11-15 09:11:26', 1, '2024-05-05 16:29:46', '2024-05-05 16:29:46'),
('94d7a71e-7946-42fa-87d7-344b5af8b67b', 0.20, 0.02, 2.75, 2.37, '2023-10-30 13:22:05', 1, '2024-05-05 16:29:48', '2024-05-05 16:29:48'),
('9572ae9f-9145-42f9-b364-a375993b6870', 0.14, 0.02, 3.14, 2.70, '2023-11-30 13:08:38', 1, '2024-05-05 16:29:47', '2024-05-05 16:29:47'),
('958cce53-98f6-4ada-bae9-4014a4de4509', 0.18, 0.02, 2.80, 2.57, '2023-10-13 05:00:47', 1, '2024-05-05 16:29:47', '2024-05-05 16:29:47'),
('95fd682e-2d28-400e-99fa-e22d77a528d7', 0.15, 0.02, 2.97, 2.30, '2023-11-01 03:25:39', 1, '2024-05-05 16:29:45', '2024-05-05 16:29:45'),
('96276fa4-a551-471a-9398-5100a2246273', 0.14, 0.02, 2.48, 2.72, '2023-10-10 17:07:47', 1, '2024-05-05 16:29:47', '2024-05-05 16:29:47'),
('9632c573-3e8a-4501-97a1-ce1f6187ea04', 0.17, 0.02, 2.70, 2.71, '2023-10-25 07:10:00', 1, '2024-05-05 16:29:48', '2024-05-05 16:29:48'),
('96559f0c-89e2-4b01-b58a-518d2ddd2675', 0.16, 0.02, 3.72, 2.56, '2023-11-30 13:03:29', 1, '2024-05-05 16:29:47', '2024-05-05 16:29:47'),
('96b2dba4-3b21-4ecb-8e0a-c8ebe5140fd7', 0.17, 0.02, 3.17, 3.60, '2023-11-16 07:18:47', 1, '2024-05-05 16:29:46', '2024-05-05 16:29:46'),
('96be3357-82e1-4fe6-8ef9-a64496422fe1', 0.14, 0.02, 3.22, 2.66, '2023-11-14 13:08:53', 1, '2024-05-05 16:29:46', '2024-05-05 16:29:46'),
('975ffb20-11fa-4a18-9291-8a4089744479', 0.17, 0.02, 2.71, 2.67, '2023-11-05 21:08:08', 1, '2024-05-05 16:29:45', '2024-05-05 16:29:45'),
('97afc193-c3c2-4ce8-9c5f-20081f587517', 0.17, 0.02, 2.99, 2.55, '2023-11-06 05:06:47', 1, '2024-05-05 16:29:45', '2024-05-05 16:29:45'),
('97bd93d1-75c1-4284-978c-6cb6c2884e54', 0.16, 0.02, 3.34, 2.62, '2023-11-27 17:37:47', 1, '2024-05-05 16:29:47', '2024-05-05 16:29:47'),
('9800dfaa-ebe5-410c-ba2d-131c5b527b01', 0.12, 0.02, 2.78, 2.45, '2023-10-01 07:06:42', 1, '2024-05-05 16:29:47', '2024-05-05 16:29:47'),
('98012b62-8a10-4e5a-a6e6-1527bc255833', 0.17, 0.02, 3.18, 2.60, '2023-11-15 07:15:02', 1, '2024-05-05 16:29:46', '2024-05-05 16:29:46'),
('987a8177-7cc2-4296-8ac8-ee126ec9ba3d', 0.20, 0.02, 3.34, 2.25, '2023-10-25 03:22:30', 1, '2024-05-05 16:29:48', '2024-05-05 16:29:48'),
('988599e6-4aca-4b38-b801-eb7d3d6c7c20', 0.17, 0.02, 2.81, 3.04, '2023-10-17 05:06:47', 1, '2024-05-05 16:29:47', '2024-05-05 16:29:47'),
('98aac9e9-0a80-4770-a3a2-89e4a9cc5146', 0.16, 0.02, 3.32, 2.48, '2023-10-18 01:01:47', 1, '2024-05-05 16:29:47', '2024-05-05 16:29:47'),
('98f8ea2f-7989-48ec-bcad-d068c2b910a1', 0.13, NULL, 3.06, 2.71, '2023-11-13 01:09:52', 1, '2024-05-05 16:29:46', '2024-05-05 16:29:46'),
('99e743cf-5bf8-4a9a-a683-8e08c169d661', 0.18, 0.02, 3.57, 2.54, '2023-11-11 03:20:26', 1, '2024-05-05 16:29:46', '2024-05-05 16:29:46'),
('99ec2592-3b36-4cd2-9de6-a15567d4b6a4', 0.17, 0.02, 3.70, 2.48, '2023-11-09 09:03:27', 1, '2024-05-05 16:29:46', '2024-05-05 16:29:46'),
('9a26b47f-150a-4cd4-a4df-04318c81e139', 0.13, 0.02, 2.11, 2.75, '2023-10-02 05:14:42', 1, '2024-05-05 16:29:47', '2024-05-05 16:29:47'),
('9ade134a-dd07-46eb-9170-68c2769327d4', 0.20, 0.02, 2.77, 2.01, '2023-11-29 05:09:11', 1, '2024-05-05 16:29:47', '2024-05-05 16:29:47'),
('9b20bdda-e0ca-4c85-bdf9-f70e4266bb45', 0.14, 0.02, 2.60, 2.83, '2023-11-21 21:03:25', 1, '2024-05-05 16:29:46', '2024-05-05 16:29:46'),
('9b428f8f-6ba1-4186-9462-19df65de3409', 0.18, 0.02, 2.87, 2.63, '2023-11-04 17:07:07', 1, '2024-05-05 16:29:45', '2024-05-05 16:29:45'),
('9b55fa42-ef0f-4996-b297-776f056a887e', 0.16, 0.02, 3.25, 2.73, '2023-10-05 21:05:28', 1, '2024-05-05 16:29:47', '2024-05-05 16:29:47'),
('9b7874d5-ee85-46c2-945c-28ffff0d598f', 0.17, 0.02, 3.05, 2.61, '2023-10-13 21:05:30', 1, '2024-05-05 16:29:47', '2024-05-05 16:29:47'),
('9b7d4b5d-9597-4f4f-a5e6-5ee3694e34cb', 0.15, 0.02, 3.75, 2.68, '2023-10-16 21:12:20', 1, '2024-05-05 16:29:47', '2024-05-05 16:29:47'),
('9bc5e184-af3c-4907-8c6f-9c772b42d35a', 0.17, 0.02, 2.68, 2.70, '2023-11-05 21:05:30', 1, '2024-05-05 16:29:45', '2024-05-05 16:29:45'),
('9d69bd06-a24d-4db9-ad72-9ddcbbd21c58', 0.13, 0.02, 2.78, 3.15, '2023-10-14 05:00:47', 1, '2024-05-05 16:29:47', '2024-05-05 16:29:47'),
('9d775987-a9bb-4115-8679-4aa74ef45efe', 0.15, 0.02, 3.40, 2.66, '2023-10-29 09:38:36', 1, '2024-05-05 16:29:48', '2024-05-05 16:29:48'),
('9da487bd-1cc1-4ff9-ad89-e02745934976', 0.13, 0.02, 2.63, 2.61, '2023-10-03 07:01:47', 1, '2024-05-05 16:29:47', '2024-05-05 16:29:47'),
('9e65050f-cfe7-4c0a-8180-b542e871394f', 0.19, 0.02, 2.52, 2.16, '2023-11-02 07:18:47', 1, '2024-05-05 16:29:45', '2024-05-05 16:29:45'),
('9edea5c3-efdc-4de9-aa59-76ca20adb867', 0.16, 0.02, 2.94, 2.67, '2023-10-11 07:00:25', 1, '2024-05-05 16:29:47', '2024-05-05 16:29:47'),
('9f140402-22ca-438d-a104-4bc063ba119f', 0.17, 0.02, 3.22, 2.52, '2023-10-24 05:57:31', 1, '2024-05-05 16:29:48', '2024-05-05 16:29:48'),
('9f3a9d53-e261-40a0-9c65-ed393b51c11e', 0.15, 0.02, 2.89, 2.70, '2023-11-12 17:12:13', 1, '2024-05-05 16:29:46', '2024-05-05 16:29:46'),
('9f6ea44f-a94f-4957-803a-a5309a67915a', 0.18, 0.02, 2.73, 2.61, '2023-11-04 21:05:30', 1, '2024-05-05 16:29:45', '2024-05-05 16:29:45'),
('9fe776b6-7f8e-4138-9b5f-eee8b8364948', 0.20, 0.02, 3.56, 2.51, '2023-11-06 13:01:51', 1, '2024-05-05 16:29:45', '2024-05-05 16:29:45'),
('a0183e71-ffac-4547-ac49-3d7f436e2b78', 0.13, 0.02, 3.34, 2.68, '2023-11-25 13:07:18', 1, '2024-05-05 16:29:46', '2024-05-05 16:29:46'),
('a041d408-8a72-40db-8df7-d5670e839547', 0.18, 0.02, 2.26, 2.32, '2023-10-25 21:28:18', 1, '2024-05-05 16:29:48', '2024-05-05 16:29:48'),
('a19a9ff5-9114-4304-a473-16249b4d68a7', 0.16, 0.20, 2.79, 2.64, '2023-11-17 09:41:26', 1, '2024-05-05 16:29:46', '2024-05-05 16:29:46'),
('a2593178-2c00-4714-bd6e-160a61ce6db5', 0.16, 0.02, 2.78, 2.70, '2023-10-24 17:20:34', 1, '2024-05-05 16:29:48', '2024-05-05 16:29:48'),
('a3133973-d32a-4d7c-a8d9-68c469758c8a', 0.20, 0.02, 2.97, 2.53, '2023-11-05 07:15:02', 1, '2024-05-05 16:29:45', '2024-05-05 16:29:45'),
('a396f72a-8fec-459d-94d8-34e7ae415b58', 0.18, 0.02, 3.20, 2.62, '2023-10-27 04:13:11', 1, '2024-05-05 16:29:48', '2024-05-05 16:29:48'),
('a3a46d73-6c62-4704-ac58-3eacc8fadccf', 0.16, 0.02, 2.88, 2.24, '2023-11-23 05:30:36', 1, '2024-05-05 16:29:46', '2024-05-05 16:29:46'),
('a4234713-08a6-47cf-bce2-3dc3c97eef17', 0.19, 0.02, 3.22, 2.49, '2023-10-16 04:00:47', 1, '2024-05-05 16:29:47', '2024-05-05 16:29:47'),
('a4579faf-02ac-47ef-8d8d-cede34d28607', 0.14, 0.02, 2.94, 2.70, '2023-10-02 21:05:30', 1, '2024-05-05 16:29:47', '2024-05-05 16:29:47'),
('a4d05098-9d90-493d-b72d-156acedcbc22', 0.18, 0.02, 3.03, 2.62, '2023-10-20 03:16:21', 1, '2024-05-05 16:29:47', '2024-05-05 16:29:47'),
('a526d3cb-40e9-4dc8-9dd5-85271637cb4d', 0.09, 0.02, 2.69, 2.70, '2023-11-23 13:04:38', 1, '2024-05-05 16:29:46', '2024-05-05 16:29:46'),
('a528a064-fba4-4e51-9b4b-35b2e591ab1e', 0.18, 0.02, 3.49, 2.54, '2023-10-09 09:30:08', 1, '2024-05-05 16:29:47', '2024-05-05 16:29:47'),
('a56bbc46-d22d-482d-bccf-06de804b7d2b', 0.16, 0.02, 2.97, 2.61, '2023-10-29 02:10:09', 1, '2024-05-05 16:29:48', '2024-05-05 16:29:48'),
('a652c446-8327-4f2e-aeb3-0c3ce07b6603', 0.14, 0.02, 3.17, 2.71, '2023-11-11 05:00:47', 1, '2024-05-05 16:29:46', '2024-05-05 16:29:46'),
('a6a18a3f-55df-4200-9acd-bc752ec07169', 0.15, 0.02, 2.71, 2.67, '2023-10-08 17:10:09', 1, '2024-05-05 16:29:47', '2024-05-05 16:29:47'),
('a6aa9abd-435f-43ba-9a60-d952d64ef815', 0.14, 0.02, 3.13, 2.68, '2023-11-30 13:07:18', 1, '2024-05-05 16:29:47', '2024-05-05 16:29:47'),
('a6c5b1b3-4653-4b5e-b16f-35ae6f2c595f', 0.21, 0.02, 3.22, 3.04, '2023-11-05 05:00:47', 1, '2024-05-05 16:29:45', '2024-05-05 16:29:45'),
('a7311f45-0f97-43eb-b5cd-61767e8b9cb9', 0.15, 0.02, 2.39, 2.66, '2023-11-14 07:15:02', 1, '2024-05-05 16:29:46', '2024-05-05 16:29:46'),
('a7e30848-c42d-4438-b4b9-0e7e536ca010', 0.14, 0.20, 3.07, 2.67, '2023-11-17 07:28:47', 1, '2024-05-05 16:29:46', '2024-05-05 16:29:46'),
('a7fc2abd-f40c-46b9-a86a-1fb354283064', 0.14, 0.02, 2.66, 2.76, '2023-11-21 01:15:48', 1, '2024-05-05 16:29:46', '2024-05-05 16:29:46'),
('a9cd8d2e-ac9a-43b4-ac94-ccc2cac99349', 0.17, 0.02, 3.23, 2.56, '2023-10-19 03:00:48', 1, '2024-05-05 16:29:47', '2024-05-05 16:29:47'),
('a9d2ebf5-1027-4924-add4-7998a90cfbe7', 0.12, 0.02, 2.93, 2.92, '2023-11-22 03:04:15', 1, '2024-05-05 16:29:46', '2024-05-05 16:29:46'),
('a9e5552f-1505-415c-a038-b5477aa1b0e5', 0.17, 0.02, 3.34, 2.69, '2023-11-28 21:03:25', 1, '2024-05-05 16:29:47', '2024-05-05 16:29:47'),
('aab4915e-b894-465a-9d7a-124c6ee083ac', 0.16, 0.02, 2.78, 2.63, '2023-10-24 03:45:05', 1, '2024-05-05 16:29:48', '2024-05-05 16:29:48'),
('ab5e65fb-1df5-4577-9ab0-7fbb74154abe', 0.12, 0.02, 3.04, 2.70, '2023-11-24 13:12:38', 1, '2024-05-05 16:29:46', '2024-05-05 16:29:46'),
('ab8c4393-0d91-44d4-acad-a34f732ebd02', 0.12, 0.02, 3.39, 2.59, '2023-10-03 13:08:53', 1, '2024-05-05 16:29:47', '2024-05-05 16:29:47'),
('ac247430-44fa-4905-bd95-6346814691ec', 0.14, 0.02, 3.15, 2.75, '2023-11-20 01:14:51', 1, '2024-05-05 16:29:46', '2024-05-05 16:29:46'),
('ac2711f6-0063-45c4-9ad6-0fdf940cfc3f', 0.16, 0.02, 3.46, 2.70, '2023-11-08 09:44:22', 1, '2024-05-05 16:29:46', '2024-05-05 16:29:46'),
('ac5da3e2-dd30-4a7e-b3cc-fce19f443ce1', 0.19, 0.02, 3.18, 2.59, '2023-10-25 05:27:45', 1, '2024-05-05 16:29:48', '2024-05-05 16:29:48'),
('ac85ac62-ceb2-4814-9815-dc72a4ede655', 0.22, 0.02, 1.35, 2.27, '2023-10-26 02:25:38', 1, '2024-05-05 16:29:48', '2024-05-05 16:29:48'),
('ad43fdef-1e4a-4542-ab77-457ad8c17e1d', 0.18, 0.02, 2.59, 2.59, '2023-10-26 03:54:31', 1, '2024-05-05 16:29:48', '2024-05-05 16:29:48'),
('add1e36a-936b-49ef-864c-667f6d770900', 0.15, 0.20, 2.94, 2.68, '2023-11-17 09:40:25', 1, '2024-05-05 16:29:46', '2024-05-05 16:29:46'),
('ae0f6256-ee8f-459d-9579-ad7a08012bc1', 0.14, 0.02, 3.44, 2.65, '2023-10-29 09:40:08', 1, '2024-05-05 16:29:48', '2024-05-05 16:29:48'),
('ae2703a9-4e6b-4b08-b8d9-72b13e221e08', 0.15, 0.02, 2.19, 3.15, '2023-10-29 21:16:08', 1, '2024-05-05 16:29:48', '2024-05-05 16:29:48'),
('ae6aa02c-e4e4-426c-b6e8-697c675a4150', 0.16, 0.02, 3.07, 3.61, '2023-11-16 07:15:02', 1, '2024-05-05 16:29:46', '2024-05-05 16:29:46'),
('af118cae-96c9-41d0-a85f-e646fef925bf', 0.16, 0.02, 3.34, 2.84, '2023-11-11 17:37:47', 1, '2024-05-05 16:29:46', '2024-05-05 16:29:46'),
('af2ac54b-9be6-489c-85a2-70f878597c02', 0.20, 0.02, 2.97, 2.53, '2023-11-05 07:18:47', 1, '2024-05-05 16:29:45', '2024-05-05 16:29:45'),
('b031e947-3609-4d65-be0d-6a8dede597ae', 0.15, 0.02, 3.27, 2.71, '2023-11-18 13:07:44', 1, '2024-05-05 16:29:46', '2024-05-05 16:29:46'),
('b07cc6f5-5feb-4d66-b064-67785f3301bc', 0.14, 0.02, 2.53, 2.51, '2023-10-18 05:10:50', 1, '2024-05-05 16:29:47', '2024-05-05 16:29:47'),
('b23048a6-c321-48d2-bcab-222487590a7a', 0.19, 0.02, 2.34, 2.57, '2023-11-02 01:10:29', 1, '2024-05-05 16:29:45', '2024-05-05 16:29:45'),
('b27eb8a0-3185-41c6-b254-24b55ecdd42f', 0.10, 0.02, 2.39, 2.68, '2023-11-24 21:44:27', 1, '2024-05-05 16:29:46', '2024-05-05 16:29:46'),
('b28887e7-5c2c-458f-a449-d78841a263c0', 0.20, 0.02, 3.26, 2.55, '2023-11-06 03:20:26', 1, '2024-05-05 16:29:45', '2024-05-05 16:29:45'),
('b2ca4390-3ab0-47f3-849d-b16b83e1ec4a', 0.14, 0.02, 2.51, 2.52, '2023-10-18 05:14:50', 1, '2024-05-05 16:29:47', '2024-05-05 16:29:47'),
('b33a1bf2-6868-4c4c-a380-9b02e3193b1b', 0.16, 0.02, 2.66, 2.59, '2023-10-03 05:00:47', 1, '2024-05-05 16:29:47', '2024-05-05 16:29:47'),
('b371624b-588b-496d-a081-a07f01f986e6', 0.15, 0.02, 3.26, 2.60, '2023-10-14 07:06:47', 1, '2024-05-05 16:29:47', '2024-05-05 16:29:47'),
('b3841498-21cc-4269-8da7-5db78591fc86', 0.13, 0.02, 3.29, 2.53, '2023-11-24 09:08:05', 1, '2024-05-05 16:29:46', '2024-05-05 16:29:46'),
('b3b0e082-8884-456d-88cf-9dbb086eb9f4', 0.18, 0.02, 3.46, 2.57, '2023-10-29 12:26:47', 1, '2024-05-05 16:29:48', '2024-05-05 16:29:48'),
('b3d5fe68-3308-41e7-b05c-c8fa712c7611', 0.19, 0.02, 3.17, 2.47, '2023-11-08 07:10:55', 1, '2024-05-05 16:29:46', '2024-05-05 16:29:46'),
('b3df0555-6bb7-4794-9515-7f7d0ca788d1', 0.12, 0.02, 3.73, 2.51, '2023-11-23 07:07:04', 1, '2024-05-05 16:29:46', '2024-05-05 16:29:46'),
('b4608f66-d865-45ed-971e-cf8dba3704c8', 0.20, 0.02, 2.99, 2.48, '2023-10-25 01:00:39', 1, '2024-05-05 16:29:48', '2024-05-05 16:29:48'),
('b4945b8b-df89-44c9-b8c5-6507402fbb23', 0.17, 0.02, 3.00, 2.67, '2023-10-11 07:07:26', 1, '2024-05-05 16:29:47', '2024-05-05 16:29:47'),
('b4a202dd-fb0a-44b4-b5e5-2e4648dd56bf', 0.16, 0.02, 2.69, 2.70, '2023-10-21 21:04:42', 1, '2024-05-05 16:29:48', '2024-05-05 16:29:48'),
('b4c5dd99-ca00-4216-b56d-512148d2269b', 0.15, 0.02, 2.78, 2.69, '2023-10-08 17:09:03', 1, '2024-05-05 16:29:47', '2024-05-05 16:29:47'),
('b501b5f4-7bf0-4c69-8a36-401c2daca0c6', 0.18, 0.02, 1.75, 2.76, '2023-11-03 01:09:52', 1, '2024-05-05 16:29:45', '2024-05-05 16:29:45'),
('b5b0c9e8-7ee2-4506-bb14-784217982ad7', 0.14, 0.20, 2.60, 2.73, '2023-11-17 01:09:52', 1, '2024-05-05 16:29:46', '2024-05-05 16:29:46'),
('b5c36803-f3f4-4d21-8b82-af5d6773cb14', 0.13, 0.02, 3.16, 2.64, '2023-10-20 01:14:51', 1, '2024-05-05 16:29:47', '2024-05-05 16:29:47'),
('b6a0ecfa-1a07-48ee-b1f6-f7dc4b1360ec', 0.16, 0.02, 2.95, 2.58, '2023-10-20 03:19:17', 1, '2024-05-05 16:29:47', '2024-05-05 16:29:47'),
('b7779e0e-23ed-4b65-adba-2e339eef0a75', 0.17, 0.02, 3.03, 3.74, '2023-10-19 05:12:50', 1, '2024-05-05 16:29:47', '2024-05-05 16:29:47'),
('b7b6e641-d88a-4eac-8284-969c8a1edf51', 0.15, 0.02, 2.36, 2.65, '2023-10-31 08:31:09', 1, '2024-05-05 16:29:48', '2024-05-05 16:29:48'),
('b7b8cfad-6087-4c98-9f58-37cb5e35f87b', 0.13, 0.02, 2.69, 2.66, '2023-10-27 17:36:58', 1, '2024-05-05 16:29:48', '2024-05-05 16:29:48'),
('b7d996da-b5ad-49f0-91a1-435624bdf3c0', 0.14, 0.02, 2.89, 2.74, '2023-10-09 13:00:49', 1, '2024-05-05 16:29:47', '2024-05-05 16:29:47'),
('b81481d8-7659-4cd5-8bd7-a161bf3fda47', 0.16, 0.02, 2.87, 2.44, '2023-11-22 07:12:55', 1, '2024-05-05 16:29:46', '2024-05-05 16:29:46'),
('b83938e7-16b8-4b5a-9a5d-a0120a0906e9', 0.19, 0.02, 3.34, 2.54, '2023-11-05 13:05:51', 1, '2024-05-05 16:29:45', '2024-05-05 16:29:45'),
('b8b7d4a3-d024-4711-98c7-f2cb07e51cbf', 0.11, 0.20, 3.21, 2.88, '2023-11-16 21:10:08', 1, '2024-05-05 16:29:46', '2024-05-05 16:29:46'),
('b97cc1f4-6fbf-4832-932b-3435eb9e12a7', 0.16, 0.02, 2.67, 2.69, '2023-10-03 17:58:47', 1, '2024-05-05 16:29:47', '2024-05-05 16:29:47'),
('b9a227dd-65be-44f3-bcc6-90c21297c52b', 0.13, 0.02, 2.61, 2.70, '2023-10-05 17:14:51', 1, '2024-05-05 16:29:47', '2024-05-05 16:29:47'),
('baa8734f-a5c1-4847-9c34-f40216af1931', 0.18, 0.02, 2.71, 2.57, '2023-10-11 09:11:26', 1, '2024-05-05 16:29:47', '2024-05-05 16:29:47'),
('bb032062-b09c-40ca-aa71-6380e921efa9', 0.08, 0.02, 2.35, 2.24, '2023-11-24 01:00:28', 1, '2024-05-05 16:29:46', '2024-05-05 16:29:46'),
('bb1e0f2f-67da-4dde-8245-b624d9d01a6e', 0.13, 0.02, 3.30, 2.70, '2023-11-25 13:08:38', 1, '2024-05-05 16:29:46', '2024-05-05 16:29:46'),
('bb268816-c856-42fa-b576-49cdbb612c45', 0.21, 0.02, 3.68, 2.24, '2023-11-30 05:31:36', 1, '2024-05-05 16:29:47', '2024-05-05 16:29:47'),
('bb4a06f3-e48d-4932-acbf-24dbcc10e8ac', 0.21, 0.02, 2.46, 2.48, '2023-10-23 05:30:36', 1, '2024-05-05 16:29:48', '2024-05-05 16:29:48'),
('bb53f6b4-96c8-4bec-81d9-b39992c05b19', 0.15, 0.02, 3.18, 2.55, '2023-10-17 09:40:25', 1, '2024-05-05 16:29:47', '2024-05-05 16:29:47'),
('bb8df7a1-cc9b-440e-8ddc-b0000c48cdfd', 0.19, 0.02, 3.36, 2.38, '2023-10-26 08:57:27', 1, '2024-05-05 16:29:48', '2024-05-05 16:29:48'),
('bc829fa6-50f5-4b01-9326-d5c79c174c88', 0.18, 0.02, 2.88, 2.58, '2023-11-03 09:10:25', 1, '2024-05-05 16:29:45', '2024-05-05 16:29:45'),
('bc964492-ab4a-4fa8-8327-379c30e6f3c1', 0.17, 0.02, 3.17, 2.65, '2023-10-01 21:04:42', 1, '2024-05-05 16:29:47', '2024-05-05 16:29:47'),
('bcb54040-1222-48dd-b891-561a4dd82b43', 0.14, 0.02, 2.06, 3.01, '2023-10-30 02:42:31', 1, '2024-05-05 16:29:48', '2024-05-05 16:29:48'),
('bcfec84d-3953-429d-b199-7afe8b4f4c09', 0.16, 0.02, 3.54, 2.53, '2023-11-25 09:08:05', 1, '2024-05-05 16:29:46', '2024-05-05 16:29:46'),
('bd9f0073-21af-41fb-ae1d-73924cec2284', 0.19, 0.02, 3.35, 2.54, '2023-11-05 13:18:53', 1, '2024-05-05 16:29:45', '2024-05-05 16:29:45'),
('be84f86a-558f-422d-97c0-33b481ce996c', 0.13, 0.02, 3.43, 2.91, '2023-11-29 05:00:47', 1, '2024-05-05 16:29:47', '2024-05-05 16:29:47'),
('bed46d7f-e272-4a26-924a-9b0edc876b31', 0.18, 0.02, 3.15, 2.64, '2023-11-19 13:10:46', 1, '2024-05-05 16:29:46', '2024-05-05 16:29:46'),
('bf1ec5ef-3e75-45e4-a681-1840d0de7c24', 0.14, 0.02, 2.59, 2.69, '2023-10-27 07:46:37', 1, '2024-05-05 16:29:48', '2024-05-05 16:29:48'),
('bf6e74e8-9575-4f10-b52d-c4db5b27a30f', 0.13, 0.02, 2.88, 2.87, '2023-11-27 21:11:20', 1, '2024-05-05 16:29:47', '2024-05-05 16:29:47'),
('bf789231-7464-4c7f-9e06-5d2d05116d03', 0.21, 0.02, 2.41, 2.50, '2023-10-23 05:32:27', 1, '2024-05-05 16:29:48', '2024-05-05 16:29:48'),
('bf7f58e6-bc4b-4fac-86d8-c1d6da57d938', 0.16, 0.02, 3.26, 2.81, '2023-11-11 17:36:58', 1, '2024-05-05 16:29:46', '2024-05-05 16:29:46'),
('bf7fac6d-74bc-436a-b770-eaf608c69f8c', 0.18, 0.02, 3.07, 2.63, '2023-11-01 05:05:47', 1, '2024-05-05 16:29:45', '2024-05-05 16:29:45'),
('bfaab202-cb68-439b-abd9-f1c82dc10950', 0.11, 0.02, 2.69, 2.83, '2023-10-28 21:46:43', 1, '2024-05-05 16:29:48', '2024-05-05 16:29:48'),
('bfb71793-25b7-4445-9ec8-d6c3d78bfdf1', 0.21, 0.02, 2.99, 2.48, '2023-10-25 01:45:51', 1, '2024-05-05 16:29:48', '2024-05-05 16:29:48'),
('bfb796cd-ec6e-450c-9a37-73527cfffcb0', 0.22, 0.02, 3.01, 2.20, '2023-11-01 07:11:02', 1, '2024-05-05 16:29:45', '2024-05-05 16:29:45'),
('bfddb43e-0608-47a4-bc4f-ccb7806de31c', 0.13, 0.02, 3.03, 2.58, '2023-10-03 09:11:26', 1, '2024-05-05 16:29:47', '2024-05-05 16:29:47'),
('c0251e78-ce9d-4699-bad9-e84fa16c2e0b', 0.14, 0.02, 3.20, 2.66, '2023-10-24 14:27:29', 1, '2024-05-05 16:29:48', '2024-05-05 16:29:48'),
('c043b23e-c62f-41ea-8b79-0fc8badebf1b', 0.19, 0.02, 2.27, 2.32, '2023-10-24 21:20:56', 1, '2024-05-05 16:29:48', '2024-05-05 16:29:48'),
('c0519f60-7269-4884-82b7-d6f874d5783c', 0.20, 0.02, 2.75, 2.37, '2023-10-30 13:22:05', 1, '2024-05-05 16:29:48', '2024-05-05 16:29:48'),
('c0585dd2-4720-401c-9792-a369ff987fe5', 0.16, 0.02, 3.20, 2.49, '2023-10-18 03:05:54', 1, '2024-05-05 16:29:47', '2024-05-05 16:29:47'),
('c17273cd-7c42-4c98-8a12-e60474ba6396', 0.19, 0.02, 3.54, 2.44, '2023-10-16 17:36:40', 1, '2024-05-05 16:29:47', '2024-05-05 16:29:47'),
('c2629e50-30dd-4267-b7b9-f9f1c7a74bc4', 0.21, 0.02, 3.02, 2.51, '2023-11-05 17:17:47', 1, '2024-05-05 16:29:45', '2024-05-05 16:29:45'),
('c2af468a-9554-438c-954c-46dced412bb8', 0.20, 0.02, 3.13, 2.69, '2023-10-20 21:05:28', 1, '2024-05-05 16:29:47', '2024-05-05 16:29:47'),
('c31769e6-14f7-4128-9dac-8b27520ed0d4', 0.14, 0.02, 3.06, 2.63, '2023-10-12 17:37:47', 1, '2024-05-05 16:29:47', '2024-05-05 16:29:47'),
('c32da99d-e8e2-4ae1-b419-486e9d2174a7', 0.19, 0.02, 2.92, 2.52, '2023-10-06 03:09:17', 1, '2024-05-05 16:29:47', '2024-05-05 16:29:47'),
('c37abf08-fa1f-4bdf-839e-7e25cf65f421', 0.15, 0.02, 3.44, 2.64, '2023-11-13 13:12:13', 1, '2024-05-05 16:29:46', '2024-05-05 16:29:46'),
('c3931fe3-f297-47c5-abe0-5346d4ac0057', 0.18, 0.02, 2.72, 2.66, '2023-10-31 04:48:54', 1, '2024-05-05 16:29:48', '2024-05-05 16:29:48'),
('c44686fd-d83d-48a2-b463-f1456daf8674', 0.11, 0.02, 2.97, 2.75, '2023-10-27 14:14:58', 1, '2024-05-05 16:29:48', '2024-05-05 16:29:48'),
('c44d11f4-81a2-4f2d-84ed-fb1bd7f0bf0d', 0.15, 0.02, 3.55, 2.57, '2023-11-28 07:40:25', 1, '2024-05-05 16:29:47', '2024-05-05 16:29:47'),
('c4748a1c-e1c4-411f-b016-b530ee2e4387', 0.17, 0.02, 2.70, 2.71, '2023-10-25 07:27:59', 1, '2024-05-05 16:29:48', '2024-05-05 16:29:48'),
('c4aacbf2-5ee3-41cb-8108-d88058dd9aa9', 0.17, 0.02, 3.29, 2.74, '2023-11-13 21:05:30', 1, '2024-05-05 16:29:46', '2024-05-05 16:29:46'),
('c4af98fc-3508-479c-9533-26209afcad9e', 0.15, 0.02, 2.80, 2.65, '2023-11-12 17:13:39', 1, '2024-05-05 16:29:46', '2024-05-05 16:29:46'),
('c562e3c7-7aa4-4df2-b309-711cec8aa94c', 0.13, 0.02, 2.96, 2.79, '2023-10-31 09:50:44', 1, '2024-05-05 16:29:48', '2024-05-05 16:29:48'),
('c58a388e-6859-40b6-82ab-2afbd08c9046', 0.17, 0.02, 3.09, 2.62, '2023-11-07 21:21:22', 1, '2024-05-05 16:29:46', '2024-05-05 16:29:46'),
('c5d71057-ba37-49fe-aba8-855a2f387f06', 0.12, 0.02, 2.58, 2.71, '2023-10-26 21:45:20', 1, '2024-05-05 16:29:48', '2024-05-05 16:29:48'),
('c5f1bd04-5f76-42ee-924d-0fed7cf9e9ab', 0.18, 0.02, 2.59, 2.69, '2023-10-04 14:08:51', 1, '2024-05-05 16:29:47', '2024-05-05 16:29:47'),
('c5f463e3-486d-4f86-9bab-cc44079e54be', 0.18, 0.02, 3.11, 2.58, '2023-10-30 06:17:23', 1, '2024-05-05 16:29:48', '2024-05-05 16:29:48'),
('c604cca9-9ada-43cf-943c-e528b0dec857', 0.15, 0.02, 3.01, 2.57, '2023-10-23 13:00:18', 1, '2024-05-05 16:29:48', '2024-05-05 16:29:48'),
('c709b643-b71c-4a36-b21f-18e404743e70', 0.12, 0.02, 2.84, 2.35, '2023-11-22 09:16:11', 1, '2024-05-05 16:29:46', '2024-05-05 16:29:46'),
('c7e17609-5b95-4a9e-a6e0-162d312e3e92', 0.18, 0.02, 2.84, 2.70, '2023-10-23 07:07:04', 1, '2024-05-05 16:29:48', '2024-05-05 16:29:48'),
('c8054faf-fcab-4627-82c6-b3728a1207d7', 0.15, 0.02, 2.79, 2.70, '2023-10-29 17:07:11', 1, '2024-05-05 16:29:48', '2024-05-05 16:29:48'),
('c85b6822-1013-44df-a735-66c8f85bf367', 0.18, 0.02, 3.50, 3.53, '2023-11-10 05:06:47', 1, '2024-05-05 16:29:46', '2024-05-05 16:29:46'),
('c89c6bdc-e2b1-4776-92b6-8092f8091b6a', 0.12, 0.20, 3.21, 2.89, '2023-11-16 21:11:20', 1, '2024-05-05 16:29:46', '2024-05-05 16:29:46'),
('c8c7d401-4326-499a-ab2a-19bd9ec13443', 0.13, 0.02, 3.71, 2.51, '2023-11-23 07:00:04', 1, '2024-05-05 16:29:46', '2024-05-05 16:29:46'),
('c957e853-3248-41de-9f10-e407af821007', 0.16, 0.02, 3.07, 3.61, '2023-11-11 07:15:02', 1, '2024-05-05 16:29:46', '2024-05-05 16:29:46'),
('c9a6872c-8995-407f-9e83-efed400092d3', 0.15, NULL, 3.05, 2.66, '2023-11-13 01:16:29', 1, '2024-05-05 16:29:46', '2024-05-05 16:29:46'),
('ca0ea9d4-559b-4f86-8713-9f297f47a582', 0.16, 0.02, 3.03, 2.53, '2023-10-17 17:04:59', 1, '2024-05-05 16:29:47', '2024-05-05 16:29:47'),
('ca0faf6d-dd14-4e02-80bb-8f7bab0fd14d', 0.22, 0.02, 1.48, 2.53, '2023-11-03 03:25:39', 1, '2024-05-05 16:29:45', '2024-05-05 16:29:45'),
('ca601303-a021-45dd-be05-1b02b9aa3c1b', 0.13, 0.20, 2.91, 2.64, '2023-11-17 05:06:47', 1, '2024-05-05 16:29:46', '2024-05-05 16:29:46'),
('cad6ebaf-9a5b-436a-9624-37f8b3f1a531', 0.14, 0.02, 2.56, 2.64, '2023-10-30 04:20:47', 1, '2024-05-05 16:29:48', '2024-05-05 16:29:48'),
('cb2d338c-6995-4070-8244-06f34a251239', 0.18, 0.02, 3.22, 2.48, '2023-11-08 07:10:03', 1, '2024-05-05 16:29:46', '2024-05-05 16:29:46'),
('cb2d3c2f-ebc2-4df3-850a-d1a2444b90de', 0.16, 0.02, 2.65, 2.80, '2023-11-18 21:34:50', 1, '2024-05-05 16:29:46', '2024-05-05 16:29:46'),
('cb3e3842-1ee1-4bd3-9a87-f0b92860d415', 0.15, NULL, 3.07, 2.62, '2023-11-13 03:20:26', 1, '2024-05-05 16:29:46', '2024-05-05 16:29:46'),
('cb52f989-eb18-46d5-8c9c-2588d8c19559', 0.13, 0.02, 2.75, 2.53, '2023-11-23 09:08:05', 1, '2024-05-05 16:29:46', '2024-05-05 16:29:46'),
('cbaada79-a30d-4947-b53f-ca9e4d75a859', 0.16, 0.02, 3.79, 2.53, '2023-11-30 09:08:05', 1, '2024-05-05 16:29:47', '2024-05-05 16:29:47'),
('cbae02f6-3838-488d-8536-388c869d85e0', 0.18, 0.02, 3.73, 2.71, '2023-11-16 03:20:26', 1, '2024-05-05 16:29:46', '2024-05-05 16:29:46'),
('cbb390cc-8d6e-4db3-9e10-4917c9b1e766', 0.18, 0.02, 2.67, 2.60, '2023-10-11 09:10:25', 1, '2024-05-05 16:29:47', '2024-05-05 16:29:47'),
('cbbc99c6-1469-40fa-8cf1-4ae8bd666660', 0.17, 0.02, 3.17, 3.60, '2023-11-11 07:18:47', 1, '2024-05-05 16:29:46', '2024-05-05 16:29:46'),
('cc3c6836-3357-4950-99cc-4778406a3cef', 0.11, 0.02, 2.07, 2.21, '2023-11-27 09:27:30', 1, '2024-05-05 16:29:47', '2024-05-05 16:29:47'),
('cc594a37-056e-40ec-b352-651655471549', 0.19, 0.02, 3.15, 2.57, '2023-10-23 03:05:54', 1, '2024-05-05 16:29:48', '2024-05-05 16:29:48'),
('cc73f8d8-0c02-4d4e-a264-f27e701b0c1a', 0.19, 0.02, 3.30, 2.44, '2023-11-29 05:12:55', 1, '2024-05-05 16:29:47', '2024-05-05 16:29:47'),
('cc7a1ac1-996f-42b2-96fa-c8221c672400', 0.21, 0.02, 3.16, 3.06, '2023-11-21 07:26:21', 1, '2024-05-05 16:29:46', '2024-05-05 16:29:46'),
('cd4f20a0-52c7-41e3-bd70-87fa7368f951', 0.14, 0.02, 2.61, 3.02, '2023-10-29 05:55:46', 1, '2024-05-05 16:29:48', '2024-05-05 16:29:48'),
('cd9ade1e-cacb-4b71-a8d4-cd8dc5a8c615', 0.16, 0.02, 3.66, 2.65, '2023-10-18 21:14:50', 1, '2024-05-05 16:29:47', '2024-05-05 16:29:47'),
('cee3e896-2132-4273-b19b-821b775f0cb8', 0.18, 0.02, 3.14, 2.60, '2023-11-27 04:11:27', 1, '2024-05-05 16:29:47', '2024-05-05 16:29:47'),
('cef5f78e-a1c2-4d83-a9c9-f15ea529b161', 0.19, 0.02, 1.93, 2.45, '2023-11-02 05:00:59', 1, '2024-05-05 16:29:45', '2024-05-05 16:29:45'),
('cf7b1ca1-2924-44ca-a1ca-a0fe1089bb68', 0.22, 0.02, 3.60, 2.07, '2023-11-30 04:45:38', 1, '2024-05-05 16:29:47', '2024-05-05 16:29:47'),
('d02ec1dd-1d97-44cf-b858-4a89b0461e56', 0.18, 0.02, 3.34, 2.58, '2023-11-07 05:50:03', 1, '2024-05-05 16:29:45', '2024-05-05 16:29:45'),
('d0541a40-d4f4-4d9d-9a27-78fb6bb7fe7b', 0.14, 0.02, 2.66, 2.66, '2023-11-20 09:10:05', 1, '2024-05-05 16:29:46', '2024-05-05 16:29:46'),
('d076fe7c-e0e2-4ad6-a099-1853e60a9b76', 0.17, 0.02, 3.53, 2.42, '2023-10-19 09:40:45', 1, '2024-05-05 16:29:47', '2024-05-05 16:29:47'),
('d0861d76-3cdb-40f0-b6cf-bbca09db5137', 0.17, 0.02, 3.02, 2.72, '2023-11-11 21:08:08', 1, '2024-05-05 16:29:46', '2024-05-05 16:29:46'),
('d09ab5c5-7170-4cd0-8865-2e78166d5f15', 0.17, 0.02, 3.14, 2.48, '2023-10-18 07:06:48', 1, '2024-05-05 16:29:47', '2024-05-05 16:29:47'),
('d0bc2611-37da-434b-add6-2444c79482eb', 0.18, 0.02, 3.04, 2.66, '2023-11-01 13:05:51', 1, '2024-05-05 16:29:45', '2024-05-05 16:29:45'),
('d1bd2240-383f-4b9b-a823-37e295d9bce9', 0.15, 0.02, 2.92, 2.57, '2023-11-12 09:10:25', 1, '2024-05-05 16:29:46', '2024-05-05 16:29:46'),
('d1c78b3f-4123-41e8-a1c0-80cfcedd5baa', 0.14, 0.02, 3.83, 2.59, '2023-11-28 01:54:39', 1, '2024-05-05 16:29:47', '2024-05-05 16:29:47'),
('d21f8ce1-2761-49bc-83ed-3ef0eb863811', 0.20, 0.02, 2.97, 2.53, '2023-11-05 07:18:47', 1, '2024-05-05 16:29:45', '2024-05-05 16:29:45'),
('d227e65a-e546-49b8-912c-d93b7e518f52', 0.20, 0.02, 3.22, 2.36, '2023-10-26 07:22:16', 1, '2024-05-05 16:29:48', '2024-05-05 16:29:48'),
('d2b7c18d-2353-49bb-9089-5892ffb08e75', 0.17, 0.02, 3.35, 2.61, '2023-11-07 14:06:52', 1, '2024-05-05 16:29:46', '2024-05-05 16:29:46'),
('d2f0d59f-601a-43a7-8a59-e2884f8d1a0e', 0.21, 0.02, 3.57, 2.25, '2023-10-09 05:05:46', 1, '2024-05-05 16:29:47', '2024-05-05 16:29:47'),
('d30674b0-f1a1-438e-84a9-ca4e9a807825', 0.16, 0.02, 3.44, 2.57, '2023-11-09 01:50:55', 1, '2024-05-05 16:29:46', '2024-05-05 16:29:46'),
('d31c1720-81ea-4b07-8cbf-2eb114c91960', 0.18, 0.02, 3.65, 2.45, '2023-10-16 17:30:43', 1, '2024-05-05 16:29:47', '2024-05-05 16:29:47'),
('d38aa201-1fa6-4536-80a4-9a2b816f2c78', 0.16, 0.02, 2.59, 2.77, '2023-10-31 02:15:01', 1, '2024-05-05 16:29:48', '2024-05-05 16:29:48'),
('d3c3db1e-1f6a-40eb-93f4-05205da9f978', 0.22, 0.02, 3.30, 2.38, '2023-10-22 14:17:22', 1, '2024-05-05 16:29:48', '2024-05-05 16:29:48'),
('d3d7821f-7e99-4868-bcd8-5f679ecf1549', 0.20, 0.02, 3.36, 2.37, '2023-10-26 08:58:24', 1, '2024-05-05 16:29:48', '2024-05-05 16:29:48'),
('d4a88fe1-4b21-465f-80bd-10f2dd0da8d8', 0.16, 0.02, 2.66, 2.66, '2023-11-20 09:15:53', 1, '2024-05-05 16:29:46', '2024-05-05 16:29:46'),
('d55db9be-b14f-4a94-b416-ecf79949241d', 0.17, 0.02, 3.65, 2.56, '2023-10-24 09:27:38', 1, '2024-05-05 16:29:48', '2024-05-05 16:29:48'),
('d5742435-e1ae-45fc-815c-f1d5a688d4ee', 0.14, 0.02, 3.24, 2.66, '2023-10-24 14:26:35', 1, '2024-05-05 16:29:48', '2024-05-05 16:29:48'),
('d639c03d-0f21-41ad-856d-d05f900e62eb', 0.14, 0.02, 2.65, 2.74, '2023-11-15 01:09:52', 1, '2024-05-05 16:29:46', '2024-05-05 16:29:46'),
('d69bb434-2282-400e-949b-41b552182ba0', 0.17, 0.02, 3.23, 2.76, '2023-11-12 21:20:40', 1, '2024-05-05 16:29:46', '2024-05-05 16:29:46'),
('d6c8967f-de6c-4b1c-85aa-ba0c4c9d1f52', 0.16, 0.02, 3.15, 2.66, '2023-11-21 09:10:05', 1, '2024-05-05 16:29:46', '2024-05-05 16:29:46'),
('d7bd7472-843c-4b8f-8f74-5d834a316d9e', 0.17, 0.02, 2.64, 2.91, '2023-11-22 01:01:47', 1, '2024-05-05 16:29:46', '2024-05-05 16:29:46'),
('d88edcff-de33-4697-808e-02fc8e5578e3', 0.16, 0.02, 3.17, 2.48, '2023-10-18 03:03:59', 1, '2024-05-05 16:29:47', '2024-05-05 16:29:47'),
('d8d5a45c-9ffb-4fa7-b10b-d4576453413e', 0.12, 0.02, 2.74, 2.37, '2023-10-01 07:04:25', 1, '2024-05-05 16:29:47', '2024-05-05 16:29:47'),
('d931b4c5-5418-4fbd-82b1-a97c6e2d9f28', 0.19, 0.02, 2.66, 2.62, '2023-11-03 07:18:47', 1, '2024-05-05 16:29:45', '2024-05-05 16:29:45'),
('d9c87948-4ad8-45ac-b27b-e2986500de38', 0.17, 0.02, 2.48, 2.77, '2023-11-01 17:37:47', 1, '2024-05-05 16:29:45', '2024-05-05 16:29:45'),
('da7990e1-7c6a-4869-b842-6eb61a032129', 0.17, 0.02, 2.90, 2.72, '2023-10-24 21:21:19', 1, '2024-05-05 16:29:48', '2024-05-05 16:29:48'),
('dbe386d5-90a7-409f-82ea-a6cf5a7711b0', 0.23, 0.02, 2.87, 1.90, '2023-10-30 09:54:45', 1, '2024-05-05 16:29:48', '2024-05-05 16:29:48'),
('dbe966dd-4d10-4570-ab93-3ab0788df421', 0.20, 0.02, 2.61, 2.11, '2023-10-20 07:12:21', 1, '2024-05-05 16:29:47', '2024-05-05 16:29:47'),
('dc1886b3-724f-4bad-a21d-90dc6ce91b8a', 0.16, 0.20, 2.42, 2.71, '2023-11-17 14:30:43', 1, '2024-05-05 16:29:46', '2024-05-05 16:29:46'),
('dd09cf81-cc91-47df-8661-65a0a847d70e', 0.14, 0.20, 2.52, 2.69, '2023-11-17 03:54:39', 1, '2024-05-05 16:29:46', '2024-05-05 16:29:46'),
('dd487829-516c-441c-b3d4-f187bb5ba24e', 0.18, 0.02, 3.11, 2.60, '2023-11-09 17:37:47', 1, '2024-05-05 16:29:46', '2024-05-05 16:29:46'),
('dd83e7de-b9fa-46c1-ae00-9b34454614aa', 0.18, 0.02, 3.35, 2.57, '2023-11-09 21:05:30', 1, '2024-05-05 16:29:46', '2024-05-05 16:29:46'),
('dd94b2fc-240a-4dbb-86fc-5dd516ee70c9', 0.20, 0.02, 3.73, 3.06, '2023-11-20 07:26:21', 1, '2024-05-05 16:29:46', '2024-05-05 16:29:46'),
('ddc9748f-4fb0-4091-9d4b-9fcccb8403d8', 0.19, 0.02, 3.38, 2.49, '2023-10-19 17:00:48', 1, '2024-05-05 16:29:47', '2024-05-05 16:29:47'),
('ddd06582-5589-44c5-aac6-c1d6feb7c076', 0.21, 0.02, 2.92, 2.52, '2023-11-05 17:10:58', 1, '2024-05-05 16:29:45', '2024-05-05 16:29:45'),
('ddd55eb1-01f0-4b2b-b917-6d5755e2eae3', 0.14, 0.02, 2.96, 2.72, '2023-10-10 21:05:30', 1, '2024-05-05 16:29:47', '2024-05-05 16:29:47'),
('de24f94c-21e8-40a9-962c-8bac26522dcd', 0.15, 0.02, 3.32, 2.59, '2023-10-21 03:13:53', 1, '2024-05-05 16:29:48', '2024-05-05 16:29:48'),
('de2ed73a-f276-434e-b19b-2d1385c0e952', 0.19, 0.02, 3.81, 2.50, '2023-11-28 05:28:47', 1, '2024-05-05 16:29:47', '2024-05-05 16:29:47'),
('defa7d39-8ac8-43d7-b52e-ff2de6014a91', 0.13, 0.02, 2.70, 2.75, '2023-11-22 17:05:20', 1, '2024-05-05 16:29:46', '2024-05-05 16:29:46'),
('defcac5f-e5e8-416e-a6f7-ae70e07a2b74', 0.16, 0.02, 2.50, 2.60, '2023-10-02 10:16:11', 1, '2024-05-05 16:29:47', '2024-05-05 16:29:47'),
('df06b02f-9079-47e3-9073-4046d2e4e35e', 0.15, 0.02, 3.65, 2.50, '2023-11-28 08:41:51', 1, '2024-05-05 16:29:47', '2024-05-05 16:29:47'),
('df490400-3abd-403c-9afa-c1778bf532aa', 0.14, 0.02, 2.86, 2.30, '2023-11-01 03:20:26', 1, '2024-05-05 16:29:45', '2024-05-05 16:29:45'),
('e0be2357-9d89-4691-94b9-6f05bab9672f', 0.18, 0.02, 2.62, 2.76, '2023-10-31 21:05:30', 1, '2024-05-05 16:29:45', '2024-05-05 16:29:45'),
('e1a12262-e41e-4840-9945-2d7415f0d0cb', 0.13, 0.02, 2.97, 2.70, '2023-10-06 13:15:48', 1, '2024-05-05 16:29:47', '2024-05-05 16:29:47'),
('e1a3c4de-de93-4ddd-89ef-39e18f0f5a16', 0.18, 0.02, 3.18, 2.52, '2023-10-24 05:56:08', 1, '2024-05-05 16:29:48', '2024-05-05 16:29:48'),
('e1aaf495-3aa1-4ba3-b000-65393fa35d98', 0.20, 0.02, 3.31, 2.25, '2023-10-09 05:06:55', 1, '2024-05-05 16:29:47', '2024-05-05 16:29:47'),
('e2301289-8461-4fb6-a3d7-863dec73fb80', 0.14, 0.02, 3.07, 2.65, '2023-10-12 17:36:58', 1, '2024-05-05 16:29:47', '2024-05-05 16:29:47'),
('e231dc44-164c-4b10-8f07-d9a6682e1ec8', 0.15, 0.02, 3.12, 2.52, '2023-10-17 09:41:26', 1, '2024-05-05 16:29:47', '2024-05-05 16:29:47'),
('e2616821-0c21-4440-a9bf-56eb245c9715', 0.14, 0.02, 3.07, 2.65, '2023-10-12 21:08:08', 1, '2024-05-05 16:29:47', '2024-05-05 16:29:47'),
('e320afa6-0b0b-4717-9eb7-700d867ba57a', 0.16, 0.02, 3.36, 2.62, '2023-11-27 17:36:58', 1, '2024-05-05 16:29:47', '2024-05-05 16:29:47'),
('e34698b4-d579-4d6f-bdde-b2df027672bf', 0.15, NULL, 3.85, 2.53, '2023-11-13 07:01:22', 1, '2024-05-05 16:29:46', '2024-05-05 16:29:46'),
('e379bec4-f65a-4216-98a8-c77416d3a459', 0.18, 0.02, 3.89, 2.55, '2023-11-10 03:20:26', 1, '2024-05-05 16:29:46', '2024-05-05 16:29:46'),
('e38b823f-c6a4-444d-b3f4-62be155d380d', 0.12, 0.02, 2.84, 2.70, '2023-11-25 16:58:38', 1, '2024-05-05 16:29:46', '2024-05-05 16:29:46'),
('e4f3f45e-9d0c-4314-a0bd-c60930090ae6', 2.15, 0.02, 3.54, 2.61, '2023-11-16 09:11:26', 1, '2024-05-05 16:29:46', '2024-05-05 16:29:46'),
('e590b8d0-123a-4b2d-bd7d-c357f355158c', 0.23, 0.02, 3.38, 2.24, '2023-10-21 07:19:17', 1, '2024-05-05 16:29:48', '2024-05-05 16:29:48'),
('e598ff67-a84a-460c-b751-bf283317d7b1', 0.20, 0.02, 2.68, 2.09, '2023-10-20 07:19:17', 1, '2024-05-05 16:29:47', '2024-05-05 16:29:47'),
('e5ac733e-0f68-4d84-937b-ce5ae6e8446f', 0.14, 0.02, 2.06, 3.01, '2023-10-30 02:42:31', 1, '2024-05-05 16:29:48', '2024-05-05 16:29:48'),
('e606a655-015b-494b-a957-bc773ed2db5f', 0.19, 0.02, 2.99, 2.56, '2023-11-08 02:02:45', 1, '2024-05-05 16:29:46', '2024-05-05 16:29:46'),
('e66c2ca7-a132-4781-a1c3-8b1d7dbd0c68', 0.17, 0.02, 3.66, 2.55, '2023-11-08 14:02:29', 1, '2024-05-05 16:29:46', '2024-05-05 16:29:46'),
('e6b6876d-64f5-4581-9c7f-f7330909c6f8', 0.14, 0.02, 3.25, 2.66, '2023-11-07 17:02:18', 1, '2024-05-05 16:29:46', '2024-05-05 16:29:46'),
('e726521b-7608-42b2-a8aa-bbec163b07ad', 0.18, 0.02, 3.56, 2.55, '2023-10-25 09:30:12', 1, '2024-05-05 16:29:48', '2024-05-05 16:29:48'),
('e74f7fa5-7ec4-459c-8c3e-8801ad7e0a2a', 0.16, 0.20, 2.44, 2.77, '2023-11-17 14:36:40', 1, '2024-05-05 16:29:46', '2024-05-05 16:29:46'),
('e759b4a0-0c98-409c-8ea3-54f264f5a26b', 0.22, 0.02, 2.86, 1.92, '2023-10-30 09:53:42', 1, '2024-05-05 16:29:48', '2024-05-05 16:29:48'),
('e7cf6301-24a2-4c29-9bd0-d556878729f4', 0.13, 0.02, 2.68, 2.89, '2023-10-28 14:36:40', 1, '2024-05-05 16:29:48', '2024-05-05 16:29:48'),
('e7f773a8-ca80-4a1b-8d3b-eab726ba8577', 0.16, 0.02, 2.87, 2.72, '2023-10-24 21:22:19', 1, '2024-05-05 16:29:48', '2024-05-05 16:29:48'),
('e8ad524c-a35d-40a4-a069-c5ca3c5137b6', 0.14, 0.02, 2.84, 2.70, '2023-10-27 06:05:02', 1, '2024-05-05 16:29:48', '2024-05-05 16:29:48'),
('e949351c-e3f8-4cc5-b56c-d93799f72ff3', 0.20, 0.02, 3.32, 2.53, '2023-10-22 10:16:11', 1, '2024-05-05 16:29:48', '2024-05-05 16:29:48'),
('e9f9c1c0-6f36-488e-b393-cb355c52eca0', 0.19, 0.02, 3.08, 2.57, '2023-10-25 05:45:06', 1, '2024-05-05 16:29:48', '2024-05-05 16:29:48'),
('ea26ed58-6d45-48be-9f4d-716b28ccf11c', 0.11, 0.02, 2.51, 2.71, '2023-11-24 21:45:20', 1, '2024-05-05 16:29:46', '2024-05-05 16:29:46'),
('ea63666c-b0c3-48e5-8ede-bcab1f6dec7e', 0.21, 0.02, 3.00, 2.37, '2023-11-01 09:10:25', 1, '2024-05-05 16:29:45', '2024-05-05 16:29:45'),
('ea6541e2-c954-4451-a829-df640700cfb0', 0.16, 0.02, 2.15, 3.17, '2023-10-29 21:17:31', 1, '2024-05-05 16:29:48', '2024-05-05 16:29:48'),
('ea87f2f8-e685-41dc-a3e0-79ea7e9fec95', 0.14, 0.02, 2.81, 2.62, '2023-11-16 13:05:51', 1, '2024-05-05 16:29:46', '2024-05-05 16:29:46'),
('eac98f7a-9663-4dd0-9394-3b5ec41516fc', 0.17, 0.02, 3.48, 2.54, '2023-11-09 02:57:54', 1, '2024-05-05 16:29:46', '2024-05-05 16:29:46'),
('eb1c8e7b-231f-45ae-85a0-b2f5c8f0adcd', 0.20, 0.02, 3.29, 2.37, '2023-10-26 07:21:28', 1, '2024-05-05 16:29:48', '2024-05-05 16:29:48'),
('ebe4af6e-1bce-446a-8db4-8b35952d2dd8', 0.17, 0.02, 2.77, 2.52, '2023-10-06 07:19:17', 1, '2024-05-05 16:29:47', '2024-05-05 16:29:47'),
('ec3efa93-4d59-406f-ac7a-e6d58c63af92', 0.17, 0.02, 2.99, 2.58, '2023-10-13 13:05:51', 1, '2024-05-05 16:29:47', '2024-05-05 16:29:47'),
('ec5e965a-5b72-426f-96eb-08c157c42137', 0.21, 0.02, 2.98, 2.22, '2023-11-01 07:11:57', 1, '2024-05-05 16:29:45', '2024-05-05 16:29:45'),
('ecaecde7-349f-4d7e-a984-76e421fe6ee6', 0.20, 0.02, 3.34, 2.27, '2023-10-25 03:36:57', 1, '2024-05-05 16:29:48', '2024-05-05 16:29:48'),
('ecc6ba0b-2335-46d3-8071-f441397e6478', 0.17, 0.02, 3.32, 2.53, '2023-11-10 07:15:02', 1, '2024-05-05 16:29:46', '2024-05-05 16:29:46'),
('ecc74367-2292-47d8-a892-d12827b7db80', 0.17, 0.02, 3.45, 2.53, '2023-10-18 13:03:44', 1, '2024-05-05 16:29:47', '2024-05-05 16:29:47'),
('ed22c456-f859-4fec-880e-69487092d13e', 0.15, 0.02, 2.51, 2.68, '2023-10-24 17:15:17', 1, '2024-05-05 16:29:48', '2024-05-05 16:29:48'),
('eda425ed-9f4f-4e39-844c-52c053098bc4', 0.20, 0.02, 2.19, 2.38, '2023-10-31 17:07:08', 1, '2024-05-05 16:29:45', '2024-05-05 16:29:45'),
('edd6a22e-aa42-4085-9121-c25848b012e1', 0.13, 0.02, 3.29, 2.73, '2023-10-14 03:08:39', 1, '2024-05-05 16:29:47', '2024-05-05 16:29:47'),
('ef1027b6-b0df-4dc4-a238-e2bd6e1a5b5b', 0.17, 0.02, 3.70, 2.60, '2023-10-21 13:24:51', 1, '2024-05-05 16:29:48', '2024-05-05 16:29:48'),
('ef25276f-b2ee-47f6-a43a-5e33140604a6', 0.18, 0.02, 3.11, 2.58, '2023-10-30 06:17:23', 1, '2024-05-05 16:29:48', '2024-05-05 16:29:48'),
('ef95fc2a-61c4-48ae-b78d-0e4fb83fb690', 0.15, 0.02, 2.93, 2.64, '2023-10-29 03:46:00', 1, '2024-05-05 16:29:48', '2024-05-05 16:29:48'),
('effc92ff-0f52-441f-af5b-39bf8c8743df', 0.16, 0.02, 2.42, 2.53, '2023-10-11 03:05:39', 1, '2024-05-05 16:29:47', '2024-05-05 16:29:47'),
('f01ccac5-1daf-423d-b493-ba2db1c66af5', 0.18, 0.02, 2.58, 2.69, '2023-10-20 17:04:51', 1, '2024-05-05 16:29:47', '2024-05-05 16:29:47'),
('f045136e-ae0f-4bcb-92d4-c585544a5e35', 0.18, 0.02, 3.14, 2.60, '2023-10-27 04:11:27', 1, '2024-05-05 16:29:48', '2024-05-05 16:29:48'),
('f08a490d-d401-4901-a101-845e52523583', 0.28, 0.02, 2.85, 0.80, '2023-10-14 01:09:52', 1, '2024-05-05 16:29:47', '2024-05-05 16:29:47'),
('f15f0b01-86d9-415b-8589-35938e2057f4', 0.19, 0.02, 3.93, 2.51, '2023-11-13 09:29:26', 1, '2024-05-05 16:29:46', '2024-05-05 16:29:46'),
('f1dfc076-32fa-4356-924b-b2450ee69e3e', 0.18, 0.02, 2.80, 2.63, '2023-10-11 05:03:47', 1, '2024-05-05 16:29:47', '2024-05-05 16:29:47'),
('f1f9f4fd-e439-4fc9-b968-b8aa8bcd77e8', 0.15, 0.02, 2.19, 3.15, '2023-10-29 21:16:08', 1, '2024-05-05 16:29:48', '2024-05-05 16:29:48'),
('f215e596-f349-44b7-b259-24d7de317a95', 0.16, 0.02, 2.78, 2.70, '2023-10-25 17:27:50', 1, '2024-05-05 16:29:48', '2024-05-05 16:29:48'),
('f27dc353-a0fb-44cf-b94e-88c701a83b83', 0.16, 0.02, 2.90, 2.22, '2023-11-23 05:32:27', 1, '2024-05-05 16:29:46', '2024-05-05 16:29:46'),
('f2a15e29-1006-4642-b065-3fe8a1d94c09', 0.13, 0.02, 3.38, 2.54, '2023-10-13 17:27:47', 1, '2024-05-05 16:29:47', '2024-05-05 16:29:47'),
('f2b275b5-3159-4d62-94f6-8b41050cb856', 0.11, 0.02, 3.21, 3.53, '2023-11-15 05:06:47', 1, '2024-05-05 16:29:46', '2024-05-05 16:29:46'),
('f2ed26c6-a527-445e-9864-53e26791bd63', 0.19, 0.02, 3.52, 2.49, '2023-10-16 03:00:26', 1, '2024-05-05 16:29:47', '2024-05-05 16:29:47'),
('f3a638bb-d43c-4323-90a1-fde66768cf5d', 0.18, 0.02, 2.98, 2.66, '2023-10-23 07:00:04', 1, '2024-05-05 16:29:48', '2024-05-05 16:29:48'),
('f424673a-d1b5-458a-87b2-542b79af840e', 0.14, 0.02, 2.12, 3.10, '2023-10-30 02:44:58', 1, '2024-05-05 16:29:48', '2024-05-05 16:29:48'),
('f4898f2a-1dda-4b68-aaf0-ad1ee6940cba', 0.24, 0.02, 3.47, 2.44, '2023-11-07 07:07:12', 1, '2024-05-05 16:29:46', '2024-05-05 16:29:46'),
('f4d978b9-33bc-4a8b-9fce-8f2e10d7d265', 0.12, 0.02, 3.12, 2.68, '2023-11-24 13:10:18', 1, '2024-05-05 16:29:46', '2024-05-05 16:29:46'),
('f4dc1f1f-e858-4d2e-a8b5-8c5b1c091c5a', 0.16, 0.02, 3.81, 2.53, '2023-11-11 13:08:53', 1, '2024-05-05 16:29:46', '2024-05-05 16:29:46'),
('f4fd83c9-0af5-4910-88d4-192541504dcb', 0.17, 0.02, 3.22, 2.53, '2023-10-04 05:00:57', 1, '2024-05-05 16:29:47', '2024-05-05 16:29:47'),
('f500f501-731b-493a-b211-6b41899fbfde', 0.16, 0.20, 2.71, 2.68, '2023-11-17 13:02:53', 1, '2024-05-05 16:29:46', '2024-05-05 16:29:46'),
('f55f88a0-a051-4c10-b0d9-9a922ad3ef8a', 0.13, 0.02, 3.31, 2.51, '2023-11-24 09:07:04', 1, '2024-05-05 16:29:46', '2024-05-05 16:29:46'),
('f5d1dd21-c957-4068-8d2e-97eda33389d5', 0.18, 0.02, 4.02, 2.49, '2023-10-17 13:02:53', 1, '2024-05-05 16:29:47', '2024-05-05 16:29:47'),
('f5eb7788-5262-4d97-94c8-3920e8ff9160', 0.15, 0.02, 2.90, 2.64, '2023-10-24 03:45:54', 1, '2024-05-05 16:29:48', '2024-05-05 16:29:48'),
('f6231bca-d52b-4829-b18d-7f4fb8a66273', 0.21, 0.02, 3.16, 3.06, '2023-11-20 07:29:17', 1, '2024-05-05 16:29:46', '2024-05-05 16:29:46'),
('f648422d-6924-4c6e-91db-d87ee22aa4a6', 0.17, 0.02, 2.85, 2.53, '2023-10-06 07:12:21', 1, '2024-05-05 16:29:47', '2024-05-05 16:29:47'),
('f677656d-54be-4f49-9265-fccbe1035c18', 0.17, 0.02, 3.41, 2.56, '2023-11-09 01:52:01', 1, '2024-05-05 16:29:46', '2024-05-05 16:29:46'),
('f68e0b4c-39c2-4bf6-92f0-e526e25430fa', 0.17, 0.02, 3.34, 2.60, '2023-11-15 07:18:47', 1, '2024-05-05 16:29:46', '2024-05-05 16:29:46'),
('f6ae4363-4ca3-461f-98af-4380419fbeaa', 0.17, 0.02, 3.12, 2.65, '2023-11-19 13:05:47', 1, '2024-05-05 16:29:46', '2024-05-05 16:29:46'),
('f6b69db9-420f-4ea9-9f5f-559e15c4a128', 0.20, 0.02, 3.27, 2.07, '2023-11-27 13:07:35', 1, '2024-05-05 16:29:47', '2024-05-05 16:29:47'),
('f6cebcf1-a748-41d2-ad35-eb1bbd564cbf', 0.19, 0.02, 3.64, 2.52, '2023-11-06 13:03:53', 1, '2024-05-05 16:29:45', '2024-05-05 16:29:45'),
('f6e8bbf3-d9ff-429f-859b-9eed90abd616', 0.16, 0.02, 2.28, 2.65, '2023-10-31 08:32:34', 1, '2024-05-05 16:29:48', '2024-05-05 16:29:48'),
('f6fd9b0e-3d4c-4605-bbb9-402434202a15', 0.20, 0.02, 2.97, 2.53, '2023-11-05 07:15:02', 1, '2024-05-05 16:29:45', '2024-05-05 16:29:45'),
('f7c4844f-d374-4e55-b362-1175799dcac5', 0.19, 0.02, 3.23, 2.65, '2023-10-19 21:05:28', 1, '2024-05-05 16:29:47', '2024-05-05 16:29:47'),
('f8a94cf7-534d-4a78-9861-9bf651da6e72', 0.22, 0.02, 2.86, 1.92, '2023-10-30 09:53:42', 1, '2024-05-05 16:29:48', '2024-05-05 16:29:48'),
('f911d482-78f6-43ed-a8e8-441c5f9a4efb', 0.18, 0.02, 3.24, 2.61, '2023-11-09 13:42:36', 1, '2024-05-05 16:29:46', '2024-05-05 16:29:46'),
('f9aefb7c-ed69-4f07-9ff1-e96901ff919c', 0.17, 0.02, 2.13, 2.19, '2023-10-30 17:17:10', 1, '2024-05-05 16:29:48', '2024-05-05 16:29:48'),
('f9d5ceef-6166-4dcc-8912-ba5b00c6e526', 0.21, 0.02, 3.22, 3.04, '2023-11-05 05:00:47', 1, '2024-05-05 16:29:45', '2024-05-05 16:29:45'),
('fb3d6c21-ffe5-4470-8d93-ecdea5d5607e', 0.12, 0.02, 2.94, 2.87, '2023-11-15 21:05:30', 1, '2024-05-05 16:29:46', '2024-05-05 16:29:46'),
('fb5e00ff-8832-4f0d-ad44-da5e7c7a4bec', 0.21, 0.02, 2.95, 2.48, '2023-10-25 01:01:52', 1, '2024-05-05 16:29:48', '2024-05-05 16:29:48'),
('fc03fbc8-b4ae-4ad3-9957-49b3035719c4', 0.15, 0.02, 3.37, 2.58, '2023-10-03 03:20:26', 1, '2024-05-05 16:29:47', '2024-05-05 16:29:47');
INSERT INTO `analisasawits` (`id`, `vm`, `nos`, `ffa`, `dobi`, `waktu_analisis`, `user_id`, `created_at`, `updated_at`) VALUES
('fc086737-dbe0-4c18-9b34-d31a0b00a177', 0.19, 0.02, 3.62, 2.56, '2023-11-13 05:54:16', 1, '2024-05-05 16:29:46', '2024-05-05 16:29:46'),
('fc8ed681-ec2b-4378-acf1-14c11e6d9d5c', 0.14, 0.02, 3.84, 2.60, '2023-11-28 01:48:26', 1, '2024-05-05 16:29:47', '2024-05-05 16:29:47'),
('fca7d4ef-b99d-4e6c-a155-c5522b45ed9c', 0.16, 0.02, 3.41, 2.53, '2023-11-08 14:04:03', 1, '2024-05-05 16:29:46', '2024-05-05 16:29:46'),
('fca7f3c9-1768-4b2e-abcc-d92fcd30f921', 0.14, 0.02, 3.46, 2.55, '2023-11-18 09:11:47', 1, '2024-05-05 16:29:46', '2024-05-05 16:29:46'),
('fd73cfa5-2651-43dd-ad1c-31e27485888f', 0.14, 0.02, 2.99, 2.71, '2023-10-06 13:14:51', 1, '2024-05-05 16:29:47', '2024-05-05 16:29:47'),
('fd787428-46da-4125-8286-3794788e1b0f', 0.19, 0.02, 3.08, 2.67, '2023-10-08 21:01:58', 1, '2024-05-05 16:29:47', '2024-05-05 16:29:47'),
('fdf42224-c92c-4260-b7c6-584521f4b76d', 0.20, 0.02, 3.27, 2.08, '2023-11-27 13:06:22', 1, '2024-05-05 16:29:47', '2024-05-05 16:29:47'),
('fe03032b-8dec-4c01-b270-e562124de973', 0.18, 0.02, 3.74, 2.71, '2023-11-16 03:25:39', 1, '2024-05-05 16:29:46', '2024-05-05 16:29:46'),
('fe7909ff-bcab-4fe8-bc78-328380921ae0', 0.16, 0.02, 3.04, 2.55, '2023-10-19 01:05:47', 1, '2024-05-05 16:29:47', '2024-05-05 16:29:47'),
('ff03f996-34a3-4213-b007-a4ab46fc9405', 0.19, 0.02, 3.23, 2.66, '2023-11-13 17:36:58', 1, '2024-05-05 16:29:46', '2024-05-05 16:29:46'),
('ff7f6d9f-338c-470a-8c6c-14f238115dcd', 0.17, 0.02, 2.59, 2.75, '2023-10-31 21:08:08', 1, '2024-05-05 16:29:45', '2024-05-05 16:29:45');

-- --------------------------------------------------------

--
-- Table structure for table `category_inventaris`
--

CREATE TABLE `category_inventaris` (
  `id` bigint UNSIGNED NOT NULL,
  `category` varchar(255) COLLATE utf8mb4_unicode_ci NOT NULL,
  `created_at` timestamp NULL DEFAULT NULL,
  `updated_at` timestamp NULL DEFAULT NULL
) ENGINE=InnoDB DEFAULT CHARSET=utf8mb4 COLLATE=utf8mb4_unicode_ci;

--
-- Dumping data for table `category_inventaris`
--

INSERT INTO `category_inventaris` (`id`, `category`, `created_at`, `updated_at`) VALUES
(1, 'Penerimaan Buah', '2024-03-20 16:06:20', '2024-03-20 16:06:20'),
(2, 'Loading Ramp', '2024-03-20 16:06:20', '2024-03-20 16:06:20'),
(3, 'Rebusan', '2024-03-20 16:06:20', '2024-03-20 16:06:20'),
(4, 'Penebah', '2024-03-20 16:06:20', '2024-03-20 16:06:20'),
(5, 'Kempa', '2024-03-20 16:06:20', '2024-03-20 16:06:20'),
(6, 'Klarifikasi', '2024-03-20 16:06:20', '2024-03-20 16:06:20'),
(7, 'Pengelolahan Biji', '2024-03-20 16:06:20', '2024-03-20 16:06:20'),
(8, 'Pengupas Biji', '2024-03-20 16:06:20', '2024-03-20 16:06:20'),
(9, 'Boiler', '2024-03-20 16:06:20', '2024-03-20 16:06:20'),
(10, 'Kamar Mesin', '2024-03-20 16:06:20', '2024-03-20 16:06:20'),
(11, 'Water Threatment', '2024-03-20 16:06:20', '2024-03-20 16:06:20'),
(12, 'Penimbunan Minyak', '2024-03-20 16:06:20', '2024-03-20 16:06:20'),
(13, 'Hopper Tankos', '2024-03-20 16:06:20', '2024-03-20 16:06:20'),
(14, 'Kolam Limbah', '2024-03-20 16:06:20', '2024-03-20 16:06:20'),
(15, 'Laboratorium', '2024-03-20 16:06:20', '2024-03-20 16:06:20'),
(16, 'Peralatan Bengkel', '2024-03-20 16:06:20', '2024-03-20 16:06:20');

-- --------------------------------------------------------

--
-- Table structure for table `failed_jobs`
--

CREATE TABLE `failed_jobs` (
  `id` bigint UNSIGNED NOT NULL,
  `uuid` varchar(255) COLLATE utf8mb4_unicode_ci NOT NULL,
  `connection` text COLLATE utf8mb4_unicode_ci NOT NULL,
  `queue` text COLLATE utf8mb4_unicode_ci NOT NULL,
  `payload` longtext COLLATE utf8mb4_unicode_ci NOT NULL,
  `exception` longtext COLLATE utf8mb4_unicode_ci NOT NULL,
  `failed_at` timestamp NOT NULL DEFAULT CURRENT_TIMESTAMP
) ENGINE=InnoDB DEFAULT CHARSET=utf8mb4 COLLATE=utf8mb4_unicode_ci;

-- --------------------------------------------------------

--
-- Table structure for table `inventaris`
--

CREATE TABLE `inventaris` (
  `id` char(36) COLLATE utf8mb4_unicode_ci NOT NULL,
  `nama` varchar(255) COLLATE utf8mb4_unicode_ci NOT NULL,
  `nomor_mesin` varchar(255) CHARACTER SET utf8mb4 COLLATE utf8mb4_unicode_ci DEFAULT NULL,
  `merek` varchar(255) COLLATE utf8mb4_unicode_ci DEFAULT NULL,
  `tahun_perolehan` char(4) COLLATE utf8mb4_unicode_ci DEFAULT NULL,
  `type` varchar(255) COLLATE utf8mb4_unicode_ci DEFAULT NULL,
  `kapasitas` varchar(255) COLLATE utf8mb4_unicode_ci DEFAULT NULL,
  `nomor_inventaris` varchar(255) COLLATE utf8mb4_unicode_ci DEFAULT NULL,
  `nilai_aktiva` varchar(255) COLLATE utf8mb4_unicode_ci DEFAULT NULL,
  `kondisi_mesin` char(3) CHARACTER SET utf8mb4 COLLATE utf8mb4_unicode_ci DEFAULT NULL,
  `category_id` bigint UNSIGNED NOT NULL,
  `user_id` bigint UNSIGNED NOT NULL,
  `created_at` timestamp NULL DEFAULT NULL,
  `updated_at` timestamp NULL DEFAULT NULL
) ENGINE=InnoDB DEFAULT CHARSET=utf8mb4 COLLATE=utf8mb4_unicode_ci;

--
-- Dumping data for table `inventaris`
--

INSERT INTO `inventaris` (`id`, `nama`, `nomor_mesin`, `merek`, `tahun_perolehan`, `type`, `kapasitas`, `nomor_inventaris`, `nilai_aktiva`, `kondisi_mesin`, `category_id`, `user_id`, `created_at`, `updated_at`) VALUES
('01b81b49-1f86-45c7-9827-c747ff508ebf', 'Genset', '1', 'Cummins', '2003', 'Diesel', '511 kva', '220000005209', '32.379.021', '68', 10, 1, '2024-05-05 17:21:16', '2024-05-05 17:21:16'),
('03a9296e-1b03-4019-afe2-6bf5c62a3580', 'Ripple Mill', '1', 'MSB', '2020', NULL, '6 ton Noten/jam', '220000014558', '77.962.500', '85', 8, 1, '2024-05-05 17:21:16', '2024-05-05 17:21:16'),
('058c3f31-87e1-4c9e-821c-6a9c0b0de025', 'Blowdown Silencer', '1', NULL, '2020', 'Vertikal', '30 ton TBS/jam', '220000014093', '253.918.133', '65', 3, 1, '2024-05-05 17:21:16', '2024-05-05 17:21:16'),
('0669d093-5b1c-42ef-9263-4bab7ce894bc', 'Trafo Las', '5', 'SUN', '2008', NULL, NULL, '240000002314', '1', '55', 16, 1, '2024-05-05 17:21:17', '2024-05-05 17:21:17'),
('07c9eee0-079e-42da-8ce3-245e43c39287', 'BPV', '2', NULL, '1987', NULL, NULL, '220000005208', '1', '70', 10, 1, '2024-05-05 17:21:16', '2024-05-05 17:21:16'),
('0fabf85b-2c1d-486a-9750-5ee4295f33ba', 'Continous Settling Tank', '1', NULL, '2011', 'Vertical Settling Tank', '90 ton', '220000005381', '346.939.570', '80', 6, 1, '2024-05-05 17:21:16', '2024-05-05 17:21:16'),
('11fdabfb-a4ea-496c-bdc4-c3b335d37f2c', 'Inverter Screw Press', '2', NULL, '2016', 'Inverter', NULL, '220000005313', '12.844.045', '35', 5, 1, '2024-05-05 17:21:16', '2024-05-05 17:21:16'),
('121b0905-9e04-4e29-a2a6-7c76cd78ed71', 'Oil Tank', '2', NULL, '1975', 'Tanki Vertikal', '10 ton', '220000005335', '1', '80', 6, 1, '2024-05-05 17:21:16', '2024-05-05 17:21:16'),
('144ae3c8-ec70-4010-b3c5-56177cc2d744', 'PreCleaner', '2', NULL, '2022', 'Automatic Flushing', '15 ton Sludge / jam', '220000015692', '217.218.750', '95', 6, 1, '2024-05-05 17:21:16', '2024-05-05 17:21:16'),
('14cea37f-c7d0-4c62-9df8-4c47db4b7927', 'Depericarper', '1', NULL, '2006', NULL, '30 ton TBS / jam', '220000005406', '104.374.201', '90', 7, 1, '2024-05-05 17:21:16', '2024-05-05 17:21:16'),
('15c089ff-f7da-4b51-985a-05b6802e12e1', 'Mesin Gergaji', '1', NULL, '1997', NULL, NULL, '220000005517', '1', '70', 16, 1, '2024-05-05 17:21:17', '2024-05-05 17:21:17'),
('183b0a83-a528-47af-a70b-44f28f883c48', 'Oil Purifier', '2', 'West Lake', '1993', NULL, '4,5 M3/J', '220000005352', '1', '25', 6, 1, '2024-05-05 17:21:16', '2024-05-05 17:21:16'),
('1a0b786f-ce69-403d-b71a-943fc33d9692', 'Trafo Las', '1', NULL, '2020', NULL, NULL, '220000013987', '35.867.883', '75', 16, 1, '2024-05-05 17:21:17', '2024-05-05 17:21:17'),
('1d7df88e-85f2-4bc2-ab52-9ce39b93f297', 'Tanki Anion Line II', '2', 'Hydrex', '2013', NULL, '2200 liter', '220000005560', '467.898.708', '80', 11, 1, '2024-05-05 17:21:16', '2024-05-05 17:21:16'),
('20386020-bcd2-48a9-8b68-bb795ecfbfb5', 'OVEN 0-250C', '1', 'Memmert', '2013', NULL, NULL, '240000002359', '1', '80', 15, 1, '2024-05-05 17:21:16', '2024-05-05 17:21:16'),
('20865ee2-587e-446e-93d6-dd7a4adce65b', 'Oil Tank', '1', NULL, '2012', 'Tanki Vertikal', '10 ton', '220000005397', '1', '80', 6, 1, '2024-05-05 17:21:16', '2024-05-05 17:21:16'),
('24524ef1-cd42-4836-9ceb-9a5d71509b87', 'LTDS I', '1', NULL, '2014', NULL, '30 ton TBS / jam', '220000005532', '1', '80', 8, 1, '2024-05-05 17:21:16', '2024-05-05 17:21:16'),
('264c287e-3828-439e-8f79-c43b2cfd328a', 'MOUISTURE BALANCE', '1', 'Adam', '2013', NULL, NULL, '240000002357', '1', '50', 15, 1, '2024-05-05 17:21:17', '2024-05-05 17:21:17'),
('29a980d7-3022-42c4-97de-3ae43dc475f5', 'Screw Press no.1', '1', 'Apindo', '2020', 'Continous Double Screw', '15 ton TBS/jam', '220000014097', '605.820.625', '80', 5, 1, '2024-05-05 17:21:16', '2024-05-05 17:21:16'),
('2c0d4eb3-3ee2-4237-8768-7f7b9229a677', 'Fibre Cyclone', '1', NULL, '2013', NULL, '30 ton TBS / jam', '220000005551', '1', '90', 7, 1, '2024-05-05 17:21:16', '2024-05-05 17:21:16'),
('2c29cece-a2d6-490f-98d8-cb421e541f82', 'Scrapper Mendatar Hopper Tankos', '1', NULL, '2018', 'Scrapper', '30 ton TBS/jam', '220000005296', '85.879.924', '80', 13, 1, '2024-05-05 17:21:16', '2024-05-05 17:21:16'),
('2fbe6155-949e-4469-a10c-2bc3aeae8518', 'Kernel Drier', '3', NULL, '1980', 'Vertikal', '30 ton', '220000005429', '1', '75', 8, 1, '2024-05-05 17:21:16', '2024-05-05 17:21:16'),
('30923fa6-c0f6-4879-9414-b01a929b07db', 'Continous Settling Tank', '2', NULL, '2000', 'Vertical Settling Tank', '90 ton', '220000005364', '1', '80', 6, 1, '2024-05-05 17:21:16', '2024-05-05 17:21:16'),
('31c1918c-9688-4d5f-9e5d-9742d54f36c1', 'Tanki Cation Line I', '1', 'Exchannger', '1989', NULL, '1600 liter', '220000005167', '1', '80', 11, 1, '2024-05-05 17:21:16', '2024-05-05 17:21:16'),
('376dce89-2afb-477f-a20f-6986767e1415', 'Tracklier Lori Rebusan', '5', NULL, '2010', NULL, '30 ton TBS/jam', '220000005253', '64.687.667', '65', 3, 1, '2024-05-05 17:21:16', '2024-05-05 17:21:16'),
('37dedb34-9cad-4f30-83ff-a12ff33b49b6', ' TANGKI TIMBUN NO.3', '3', NULL, '1930', NULL, '500 Ton', '220000005499', '1', '80', 12, 1, '2024-05-05 17:21:16', '2024-05-05 17:21:16'),
('3c2373b9-978d-4d1d-a549-69a7791f1661', 'CENTRIFUGE', '1', 'Hettich', '2010', NULL, NULL, '240000002347', '1', '80', 15, 1, '2024-05-05 17:21:16', '2024-05-05 17:21:16'),
('3d05ae3f-b55a-4058-a988-1cb393e654f0', 'Tracklier Buah Masak', '3', NULL, '1993', NULL, '30 ton TBS/jam', '220000005238', '1', '65', 3, 1, '2024-05-05 17:21:16', '2024-05-05 17:21:16'),
('451f3c1b-a36e-4af9-8c66-ad4b1dc2469d', 'Bottom Cross Conveyor', '1', NULL, '2021', 'Conveyor', '30 ton TBS/jam', '220000014934', '89.098.125', '80', 4, 1, '2024-05-05 17:21:16', '2024-05-05 17:21:16'),
('459eccba-7050-4ce2-b7ec-9e8fe616943d', 'Feed Water Tank', NULL, NULL, NULL, NULL, NULL, NULL, NULL, '80', 11, 1, '2024-05-05 17:21:16', '2024-05-05 17:21:16'),
('45fb4537-84ba-4401-b743-12addabbacf6', 'Hoisting Crane', '1', 'Demag', '1987', 'Travelling Crane', '5 ton ', '220000005270', '1', '69', 4, 1, '2024-05-05 17:21:16', '2024-05-05 17:21:16'),
('4a911ca7-eb0b-40e8-aee4-60c8908f7e94', 'Sludge Tank', '2', NULL, '2012', 'Tanki Vertikal', '10 ton', '220000005398', '1', '80', 6, 1, '2024-05-05 17:21:16', '2024-05-05 17:21:16'),
('4cd245e3-72e5-4c7a-847d-77aae9cde4a0', 'Vibrating Screen', '1', 'Tapis', '2017', 'Ayakan Getar', '15 m3 / jam', '220000005548', '65.803.125', '70', 6, 1, '2024-05-05 17:21:16', '2024-05-05 17:21:16'),
('4dfeab46-6acc-4b95-a5ee-f64ee3318645', 'Fibre Cyclone', '2', NULL, '2014', NULL, '30 ton TBS / jam', '220000005456', '1', '90', 7, 1, '2024-05-05 17:21:16', '2024-05-05 17:21:16'),
('54d3af22-db1f-4a78-9142-31796de60f08', 'Turbin Uap', '2', 'Dresser Rand', '2010', NULL, '800 kw', NULL, '1.261.339.753', '65', 10, 1, '2024-05-05 17:21:16', '2024-05-05 17:21:16'),
('576f51d6-bdb2-4002-ae39-00914a94df5e', 'JEMBATAN TIMBANG TBS', '2', 'CV Natal Inti', '2010', NULL, '50 Ton', '220000005228', '1', '90', 1, 1, '2024-05-05 17:21:16', '2024-05-05 17:21:16'),
('5871e386-a3ab-44df-910d-1b51e99c8bc4', 'Mesin Scrap', '1', 'Invicta', '2013', NULL, NULL, '220000005513', '1', '80', 16, 1, '2024-05-05 17:21:17', '2024-05-05 17:21:17'),
('58fbdf7b-c161-495d-91b8-6a2d19487b65', ' TANGKI TIMBUN NO.7', '7', NULL, '1932', NULL, '500 Ton', '220000005503', '1', '25', 12, 1, '2024-05-05 17:21:16', '2024-05-05 17:21:16'),
('5a084de4-ead4-4fbc-8da9-b1ba8eff9924', 'Tracklier Buah Masak', '2', 'Brevini', '1991', NULL, '30 ton TBS/jam', '220000005237', '1', '65', 3, 1, '2024-05-05 17:21:16', '2024-05-05 17:21:16'),
('5ae0c0fb-c74a-44fa-adfd-e5ed2515bfda', 'MESIN STEEK RODA GIGI.', '1', 'TOKYO JAPAN', '1998', NULL, NULL, '220000005519', '1', '75', 16, 1, '2024-05-05 17:21:17', '2024-05-05 17:21:17'),
('5ba3574a-bfc8-40a2-be1a-3ad21155c346', 'Screw Press no.2', '2', 'Apindo', '2012', 'Continous Double Screw', '15 ton TBS/jam', '220000005320', '410.978.333', '80', 5, 1, '2024-05-05 17:21:16', '2024-05-05 17:21:16'),
('6027196d-0f84-49e2-a764-a4d5bc370653', 'Bunker Inti', '1', NULL, '2012', 'Vertikal', '100 ton', '220000005321', '336.330.158', '80', 8, 1, '2024-05-05 17:21:16', '2024-05-05 17:21:16'),
('607b7e1e-e2e3-4b97-8a6f-3eac12313c9f', 'Inverter Screw Press', '3', NULL, '2016', 'Inverter', NULL, '220000005314', '12.844.045', '35', 5, 1, '2024-05-05 17:21:16', '2024-05-05 17:21:16'),
('62a2eef6-f669-4aca-98db-d250a73c0f26', 'Tanki Anion Line I', '1', 'Exchannger', '1989', NULL, '2200 liter', '220000005169', '1', '80', 11, 1, '2024-05-05 17:21:16', '2024-05-05 17:21:16'),
('63629eb4-b284-4cec-b976-08cdb8503f8b', 'Pipa Distribusi LCKS', NULL, NULL, '2020', 'Pipa', '20 m3/jam', '220000014099', '316.329.271', '65', 14, 1, '2024-05-05 17:21:16', '2024-05-05 17:21:16'),
('65f5076e-4954-44cf-b863-fe446da6f8aa', 'Screw Press no.3', '3', 'Apindo', '2014', 'Continous Double Screw', '15 ton TBS/jam', '220000005533', '1', '80', 5, 1, '2024-05-05 17:21:16', '2024-05-05 17:21:16'),
('691513f9-d0d1-401b-baf5-7d03b1d2c82a', 'Transfer Carriage', '1', NULL, '2021', 'Mobile', '3 lori (@2,5 ton TBS)', '220000005251', ' 106.356.833 ', '80', 2, 1, '2024-05-05 17:21:16', '2024-05-05 17:21:16'),
('7080dcf8-2091-4abb-94d0-68eb27c0c69c', 'Ripple Mill', '2', 'HJ', '2015', NULL, '6 ton Noten/jam', '220000005485', '5.052.187', '85', 8, 1, '2024-05-05 17:21:16', '2024-05-05 17:21:16'),
('73dfbc4c-81e9-42da-af41-b62fc4d41432', 'Mesin Bubut', '1', 'Boshi', '2012', NULL, NULL, '240000002318', '1', '65', 16, 1, '2024-05-05 17:21:17', '2024-05-05 17:21:17'),
('74a8bb8c-4176-4394-a8d8-8119e7c68bf8', 'CBC', '2', NULL, '2021', NULL, '30 ton TBS / jam', '900000000175', '266.777.000', '75', 7, 1, '2024-05-05 17:21:16', '2024-05-05 17:21:16'),
('758b6d88-252d-4aef-9e3b-9bb84737bf46', 'Sterilizer no.1', '1', NULL, '2007', 'Horizontal', '10 lori (25 ton TBS)', '220000005247', '415.339.355', '80', 3, 1, '2024-05-05 17:21:16', '2024-05-05 17:21:16'),
('76a8a9ef-e57d-49c0-8c49-02d09d18fabf', 'PH-METER', '1', 'BENCH', '2013', NULL, NULL, '240000002356', '1', '80', 15, 1, '2024-05-05 17:21:16', '2024-05-05 17:21:16'),
('77649c11-0cec-4f28-b073-1e9a6877c5ea', 'Digester no.4', '4', NULL, '2004', 'Vertikal', '15 ton TBS/jam', '220000015797', '121.552.912', '85', 5, 1, '2024-05-05 17:21:16', '2024-05-05 17:21:16'),
('783e9c3f-6941-4cb1-bace-cf5d28bc63ed', 'Decanter', '1', 'IHI', '2013', '3 phase', '15 ton Sludge / jam', '220000005386', '1.782.505.337', '80', 6, 1, '2024-05-05 17:21:16', '2024-05-05 17:21:16'),
('7d2cd3bf-7827-4598-b9aa-79e5ec0a7a78', 'Decanter', '2', 'IHI', '2016', '3 phase', '15 ton Sludge / jam', '220000005549', '2.287.116.447', '80', 6, 1, '2024-05-05 17:21:16', '2024-05-05 17:21:16'),
('7f82118a-061c-4750-9ee0-178fbce5af66', 'BPV', '1', NULL, '1987', NULL, NULL, '220000005207', '1', '70', 10, 1, '2024-05-05 17:21:16', '2024-05-05 17:21:16'),
('7fa77d74-d979-4137-9a45-0a829191028c', 'Loading Ramp', '2', NULL, '1989', 'Kompartment', '20 pintu (@ 15 ton TBS)', '220000005224', '1', '35', 2, 1, '2024-05-05 17:21:16', '2024-05-05 17:21:16'),
('8095fbaf-1fcc-4d35-9f52-4f75aebacf99', 'Digester no.2', '2', NULL, '2007', 'Vertikal', '15 ton TBS/jam', '220000005316', '195.644.360', '85', 5, 1, '2024-05-05 17:21:16', '2024-05-05 17:21:16'),
('82c25762-bf40-4541-b25c-020918736ebc', 'Foss Nirs', '1', NULL, '2021', 'DA 1650', NULL, '240000014533', '473.000.000', '95', 15, 1, '2024-05-05 17:21:17', '2024-05-05 17:21:17'),
('83b3a6ce-174c-45b0-9fa4-ca9f394893e6', 'CBC', '1', NULL, '2009', NULL, '30 ton TBS / jam', '220000005408', '105.539.375', '90', 7, 1, '2024-05-05 17:21:16', '2024-05-05 17:21:16'),
('83d63455-d978-4c03-aba3-efb5a58ad752', 'Vacuum Drier', '1', NULL, '2011', NULL, '15 ton/jam', '220000005377', '1', '60', 6, 1, '2024-05-05 17:21:16', '2024-05-05 17:21:16'),
('849e81a5-6d24-4e36-a57d-933ccbaf334e', 'Hopper Tandan Kosong (3 pintu)', '1', NULL, '2020', 'Kompartment', '30 ton TBS/jam', '220000014636', '377.910.681', '80', 13, 1, '2024-05-05 17:21:16', '2024-05-05 17:21:16'),
('84b67792-cc4d-4c20-a32e-d8ef6bc80b47', 'HOT PLATE (6TUNGKU)', '1', 'Gerhard', '2016', NULL, NULL, '240000002361', '1', '85', 15, 1, '2024-05-05 17:21:16', '2024-05-05 17:21:16'),
('8888484a-d034-4b1b-b4ee-68537fdc0495', 'Trafo Las', '2', NULL, '2020', NULL, NULL, '220000013988', '35.867.883', '75', 16, 1, '2024-05-05 17:21:17', '2024-05-05 17:21:17'),
('89248555-d528-4357-9442-960a8178e99b', 'Oil Purifier', '4', 'West Lake', '2007', NULL, '4,5 M3/J', '220000005373', '80.128.525', '60', 6, 1, '2024-05-05 17:21:16', '2024-05-05 17:21:16'),
('8c06c693-e27e-446d-a29a-f7d057ea9db6', 'Sand Filter', '3', NULL, '1990', NULL, '3500 liter', '220000005191', '1', '90', 11, 1, '2024-05-05 17:21:16', '2024-05-05 17:21:16'),
('8e467561-1dfb-44fe-ae1c-445961d50d1f', 'Depericarper', '2', NULL, '2009', NULL, '30 ton TBS / jam', '220000005416', '238.971.250', '90', 7, 1, '2024-05-05 17:21:16', '2024-05-05 17:21:16'),
('8e5011c4-add4-4020-ad33-459cc9ca2fed', ' TANGKI TIMBUN NO.1', '1', NULL, '1927', NULL, '500 Ton', '220000005497', '1', '25', 12, 1, '2024-05-05 17:21:16', '2024-05-05 17:21:16'),
('8ee55a02-01c6-4a58-b507-c5744426b1b3', 'Ketel Uap', '2', 'Takuma', '1988', 'N-600 SH', '20 ton uap/jam', '220000005115', '1', '40', 9, 1, '2024-05-05 17:21:16', '2024-05-05 17:21:16'),
('9396c670-6368-4c13-b184-ba491a51cd06', 'Digester no.3', '3', NULL, '2004', 'Vertikal', '15 ton TBS/jam', '220000015796', '121.596.794', '85', 5, 1, '2024-05-05 17:21:16', '2024-05-05 17:21:16'),
('948f5322-7c0e-4cb8-8f9d-2a7c3bb4d488', ' TANGKI TIMBUN NO.4', '4', NULL, '1932', NULL, '500 Ton', '220000005500', '1', '25', 12, 1, '2024-05-05 17:21:16', '2024-05-05 17:21:16'),
('95d00a8f-af17-4fc8-b8c5-bde0346095a0', 'Sludge Tank', '1', NULL, '1975', 'Tanki Vertikal', '10 ton', '220000005334', '1', '80', 6, 1, '2024-05-05 17:21:16', '2024-05-05 17:21:16'),
('9683c43f-8f56-4422-87cf-1a180a0341ef', 'Top Cross Conveyor', '1', NULL, '2016', 'Conveyor', '30 ton TBS/jam', '220000005289', '18.307.255', '69', 4, 1, '2024-05-05 17:21:16', '2024-05-05 17:21:16'),
('9706c8af-c434-47fa-bfb9-66b63dbeeb00', ' TANGKI TIMBUN NO.8', '8', NULL, '1940', NULL, '1500 Ton', '220000005504', '1', '80', 12, 1, '2024-05-05 17:21:16', '2024-05-05 17:21:16'),
('97c1606b-dce7-454d-b960-d4b1264f592c', 'Ketel Uap', '1', 'Takuma', '2020', 'N-600 SH', '22 ton uap/jam', '220000014376', '3.745.250.000', '85', 9, 1, '2024-05-05 17:21:16', '2024-05-05 17:21:16'),
('9a8d7be8-5baa-4b98-9ec3-5818b44d073c', 'Trafo Las', '3', NULL, '2016', NULL, NULL, '240000002321', '1', '65', 16, 1, '2024-05-05 17:21:17', '2024-05-05 17:21:17'),
('9b12a4c0-a5b0-4a99-a79b-d35d86de46b7', 'Sand Filter', '1', NULL, '1990', NULL, '3500 liter', '220000005189', '1', '90', 11, 1, '2024-05-05 17:21:16', '2024-05-05 17:21:16'),
('9b936fa5-fbc8-4e92-bfae-636ef0a82b06', 'Screw Press no.4', '4', 'CB', '2007', 'Continous Double Screw', '15 ton TBS/jam', '220000005316', '195.644.360', '68', 5, 1, '2024-05-05 17:21:16', '2024-05-05 17:21:16'),
('9deb3975-5cbe-4a60-aef8-8fe64e94ee75', 'Scrapper Mendaki Tandan Kosong', '2', NULL, '2016', 'Scrapper', '30 ton TBS/jam', '220000005202', '69.449.000', '70', 13, 1, '2024-05-05 17:21:16', '2024-05-05 17:21:16'),
('a311d389-5f62-4a9f-8a01-875fbceefbdf', 'Hoisting Crane', '2', 'Demag', '2009', 'Travelling Crane', '5 ton ', '220000005282', '265.775.510', '69', 4, 1, '2024-05-05 17:21:16', '2024-05-05 17:21:16'),
('a5d65b33-74cb-4729-ba80-58e1c3aca2a6', ' TANGKI TIMBUN NO.10', '10', NULL, '1934', NULL, '1500 Ton', '220000005505', '1', '80', 12, 1, '2024-05-05 17:21:16', '2024-05-05 17:21:16'),
('a7f6e0ce-8b32-4116-881a-fb3ff3834b3d', 'Polishing Drum', '1', NULL, '2022', 'Drum Putar', '30 ton TBS / jam', NULL, NULL, '90', 7, 1, '2024-05-05 17:21:16', '2024-05-05 17:21:16'),
('a8c6f2cd-309b-4db3-a056-cf142bc53807', 'MESIN BOR BESAR', '1', NULL, '2016', NULL, NULL, '240000002320', '1', '80', 16, 1, '2024-05-05 17:21:17', '2024-05-05 17:21:17'),
('ab842b10-c888-439b-b497-035768bdde47', 'Thresher ', '3', NULL, '2000', NULL, '30 ton TBS/jam', '220000005275', '1', '85', 4, 1, '2024-05-05 17:21:16', '2024-05-05 17:21:16'),
('ab8d29ff-75f1-4ac7-9f47-9bb974425e5d', 'Tracklier Pengisian Lori', '4', NULL, '2007', NULL, '30 ton TBS/jam', '220000005250', '40.693.743', '80', 3, 1, '2024-05-05 17:21:16', '2024-05-05 17:21:16'),
('abd72e5b-bb9d-4d01-a0ba-e8fafd08c59a', 'TIMBANGAN ANALITIK 210 GR', '1', 'Sartorius', '2007', NULL, NULL, '240000002341', '1', '80', 15, 1, '2024-05-05 17:21:17', '2024-05-05 17:21:17'),
('ad5db6b1-4141-44a5-8efa-4e4859b6ced7', 'Oil Purifier', '1', 'West Lake', '2012', NULL, '4,5 M3/J', '220000005374', '189.396.480', '60', 6, 1, '2024-05-05 17:21:16', '2024-05-05 17:21:16'),
('af96bdcc-78fc-4b3e-8f95-a25344ca2b79', 'LOVIBOND COMPARATOR WITH DISC', '1', 'Nesslenzer', '2013', NULL, NULL, '240000002353', '1', '50', 15, 1, '2024-05-05 17:21:16', '2024-05-05 17:21:16'),
('b3ab0a75-e689-43fa-ab27-a692eb7cd30b', 'Polishing Drum', '2', NULL, '2017', 'Drum Putar', '30 ton TBS / jam', '220000005557', '41.315.440', '65', 7, 1, '2024-05-05 17:21:16', '2024-05-05 17:21:16'),
('b6ee4559-85f7-4411-abc6-4abf9349f1da', 'Vibrating Screen', '2', 'Jinsheng', '2020', 'Ayakan Getar', '15 m3 / jam', '220000014098', '109.940.104', '65', 6, 1, '2024-05-05 17:21:16', '2024-05-05 17:21:16'),
('bab4c975-0d5b-4205-bc69-9dd611b00fb2', 'LTDS II', '2', NULL, '2015', NULL, '30 ton TBS / jam', '220000005480', '11.608.462', '65', 8, 1, '2024-05-05 17:21:16', '2024-05-05 17:21:16'),
('bacc32cd-18e1-46c5-9f79-5eea14037cbe', 'Sterilizer no.2', '2', NULL, '2007', 'Horizontal', '10 lori (25 ton TBS)', '220000005249', '406.621.440', '55', 3, 1, '2024-05-05 17:21:16', '2024-05-05 17:21:16'),
('baff9a9c-4d25-413f-9cdd-cde6a4c6acdb', 'Thresher ', '1', NULL, '2011', 'Tromol dengan autofeeder sistem scrapper', '30 ton TBS/jam', '220000005466', '341.377.674', '85', 4, 1, '2024-05-05 17:21:16', '2024-05-05 17:21:16'),
('bc2e3eb2-cc7c-49f6-b3f5-a6476967a83e', 'Sterilizer no.3', '3', NULL, '2011', 'Horizontal', '10 lori (25 ton TBS)', '220000005254', '876.515.325', '85', 3, 1, '2024-05-05 17:21:16', '2024-05-05 17:21:16'),
('c2053353-dcd4-405d-8175-ac58b2714156', ' TANGKI TIMBUN NO.5', '5', NULL, '1932', NULL, '1500 Ton', '220000005501', '1', NULL, 12, 1, '2024-05-05 17:21:16', '2024-05-05 17:21:16'),
('c2d5d254-174e-418a-9494-2253e4ee1c44', 'Digester no.1', '1', NULL, '2012', 'Vertikal', '15 ton TBS/jam', '220000005320', '410.978.333', '65', 5, 1, '2024-05-05 17:21:16', '2024-05-05 17:21:16'),
('ca6f4d5f-ec4a-4cca-9132-33cf627f2e7a', 'Kernel Drier', '2', NULL, '1980', 'Vertikal', '30 ton', '220000005428', '1', '75', 8, 1, '2024-05-05 17:21:16', '2024-05-05 17:21:16'),
('cb0f2c59-4875-4720-94d1-29dfc3f225bd', 'Sand Filter', '2', NULL, '1990', NULL, '3500 liter', '220000005190', '1', '90', 11, 1, '2024-05-05 17:21:16', '2024-05-05 17:21:16'),
('cd5a4448-7248-432a-b2b4-d50c38942e8b', 'Oil Purifier', '3', 'West Lake', '1999', NULL, '4,5 M3/J', '220000005363', '1', '25', 6, 1, '2024-05-05 17:21:16', '2024-05-05 17:21:16'),
('cf79d060-4317-4b8b-9aeb-e2ba9afaabbf', 'Trafo Las', '4', 'SUN', '2008', NULL, NULL, '240000002313', '1', '65', 16, 1, '2024-05-05 17:21:17', '2024-05-05 17:21:17'),
('cf9e20ed-affe-463a-ae9c-40d8d72183fd', 'Blowup Silencer', '1', NULL, '2021', 'Vertikal', '30 ton TBS/jam', '220000014866', '95.707.794', '80', 3, 1, '2024-05-05 17:21:16', '2024-05-05 17:21:16'),
('d0af4390-eeb5-4a87-b13e-5ccf0a337aed', 'Empty Bunch Conveyor', '1', NULL, '2021', 'Scrapper', '30 ton TBS/jam', '220000015020', '345.833.333', '85', 4, 1, '2024-05-05 17:21:16', '2024-05-05 17:21:16'),
('d16aa7b1-57e8-4cdc-997b-c561426763ad', 'TDS-METER', '1', 'HANNA', '2013', NULL, NULL, '240000002360', '1', '85', 15, 1, '2024-05-05 17:21:17', '2024-05-05 17:21:17'),
('d2b48468-ee31-4be3-a529-5b1099d81956', 'GILINGAN INTI/KERNEL', '1', 'Apec Contruction', '2013', NULL, NULL, '240000002358', '1', '85', 15, 1, '2024-05-05 17:21:16', '2024-05-05 17:21:16'),
('d39e3fb5-fdd4-4698-ae42-c307b2305a5c', 'Turbin Uap', '1', 'Shinko', '2017', 'RB4M', '800 kw', '220000005214', '3.174.397.037', '70', 10, 1, '2024-05-05 17:21:16', '2024-05-05 17:21:16'),
('d3b1c14b-b596-490e-b0e6-2e80545697b3', 'HOT PLATE (6TUNGKU)', '2', 'Gerhard', '2021', NULL, NULL, '2,4E+11', '59.103.000', '95', 15, 1, '2024-05-05 17:21:16', '2024-05-05 17:21:16'),
('d78d2e1f-7490-4ea6-bd5d-e581faea32e4', ' TANGKI TIMBUN NO.2', '2', NULL, '1931', NULL, '340 Ton', '220000005498', '1', '25', 12, 1, '2024-05-05 17:21:16', '2024-05-05 17:21:16'),
('d893063b-c44d-4d50-a1fd-be31f03dec92', 'Conveyor Distribusi Digester', '1', NULL, '2020', 'Conveyor', '30 ton TBS/jam', '220000014378', '139.946.435', '65', 5, 1, '2024-05-05 17:21:16', '2024-05-05 17:21:16'),
('d894a97a-d485-40e9-bfa7-e637d4ed683c', 'Tanki Cation Line II', '2', 'Hydrex', '2013', NULL, '1600 liter', '220000005560', '467.898.708', '80', 11, 1, '2024-05-05 17:21:16', '2024-05-05 17:21:16'),
('daa509ae-1e7f-4abc-835c-e21021d000c9', 'Hopper Tandan Kosong (2 pintu)', '2', NULL, '2021', 'Kompartment', '30 ton TBS/jam', '220000015096', ' 434.598.417 ', '80', 13, 1, '2024-05-05 17:21:16', '2024-05-05 17:21:16'),
('dc245fb3-6923-4d64-96a3-030ccf4afebe', 'JEMBATAN TIMBANG CPO', '1', 'AVERY', '1985', NULL, '50 Ton', '220000005223', '1', '80', 1, 1, '2024-05-05 17:21:16', '2024-05-05 17:21:16'),
('df8fa7d3-941b-4cf6-9688-dd04e4d90953', 'Jembatan Cantilever Buah Masak', '2', NULL, '2021', 'Mobile Cantilever', '1 lori (2,5 ton TBS)', NULL, NULL, NULL, 3, 1, '2024-05-05 17:21:16', '2024-05-05 17:21:16'),
('dfec37bf-b078-4b9f-82df-9a5039db4b41', 'Bunch Crusher', '1', NULL, '2018', 'Double Screw', '30 ton TBS/jam', '220000005298', '124.883.625', '80', 4, 1, '2024-05-05 17:21:16', '2024-05-05 17:21:16'),
('dfeea3c1-a55d-43d5-b6c9-f10212ccdcf4', 'Claybath', '1', NULL, '2009', NULL, '30 ton TBS / jam', '220000005454', '66.874.115', '65', 8, 1, '2024-05-05 17:21:16', '2024-05-05 17:21:16'),
('e3fae49b-9599-4f6b-a92b-bae62edf9153', ' TANGKI TIMBUN NO.6', '6', NULL, '1932', NULL, '500 Ton', '220000005502', '1', '80', 12, 1, '2024-05-05 17:21:16', '2024-05-05 17:21:16'),
('e80c70e0-d285-4eea-a917-669a12a016e9', 'JEMBATAN TIMBANG Inti', '3', 'Tunas Jaya', '1997', NULL, '50 Ton', '220000005511', '1', '80', 1, 1, '2024-05-05 17:21:16', '2024-05-05 17:21:16'),
('eef73eb9-0aee-4318-9016-a1f9303bb4d2', 'Loading Ramp', '1', NULL, '2010', 'Kompartment', '15 pintu (@ 15 ton TBS)', '220000005230', '1.364.066.076', '69', 2, 1, '2024-05-05 17:21:16', '2024-05-05 17:21:16'),
('ef255f71-d534-4827-b0a5-683e8f2abd7d', 'Mesin Frais', '1', 'VICTORIA', '1997', NULL, NULL, '220000005514', '1', '50', 16, 1, '2024-05-05 17:21:17', '2024-05-05 17:21:17'),
('f01aa3b9-4959-4b0f-a0ee-a820ce692dd0', 'TIMBANGAN DIGITAL 12 KG', '1', 'And gp - 12K', '2011', NULL, NULL, '240000002349', '1', '80', 15, 1, '2024-05-05 17:21:17', '2024-05-05 17:21:17'),
('f2837e4b-a391-44cb-9355-e6426aed3913', 'TIMBANGAN DUDUK 50 KG', '1', 'Kubota', '2013', NULL, NULL, '240000002350', '1', '80', 15, 1, '2024-05-05 17:21:16', '2024-05-05 17:21:16'),
('f30a58a7-283c-4cbf-adb7-f3b394d637ea', 'Bak Raw Oil', '1', NULL, '2009', NULL, '15 m3 / jam', '220000005284', '74.450.308', '65', 6, 1, '2024-05-05 17:21:16', '2024-05-05 17:21:16'),
('f6b25472-acb3-4601-a03a-2d4e1d319773', 'Tracklier Buah Masak', '1', 'Brevini', '2021', NULL, '30 ton TBS/jam', '220000014854', '178.206.718', '80', 3, 1, '2024-05-05 17:21:16', '2024-05-05 17:21:16'),
('f812dd87-70b3-4a2e-a620-c9fe70bc4c40', 'PreCleaner', '1', NULL, '2019', 'Automatic Flushing', '15 ton Sludge / jam', '220000013762', '244.007.812', '69', 6, 1, '2024-05-05 17:21:16', '2024-05-05 17:21:16'),
('f8acfa22-db02-4ea4-a524-5aaab1173a28', 'Thresher ', '2', NULL, '2013', NULL, '30 ton TBS/jam', '220000005539', '1', '85', 4, 1, '2024-05-05 17:21:16', '2024-05-05 17:21:16'),
('fa9dcbf1-8ac8-46de-ae64-159e677d36f9', 'Jembatan Cantilever Buah Mentah', '1', NULL, '2021', 'Mobile Cantilever', '1 lori (2,5 ton TBS)', '220000015111', ' 58.308.333 ', '80', 3, 1, '2024-05-05 17:21:16', '2024-05-05 17:21:16'),
('fefecb5d-b27b-479c-b3da-0b48cfc034ea', 'Vacuum Drier', '2', NULL, '2012', NULL, '15 ton/jam', '220000005396', '1', '70', 6, 1, '2024-05-05 17:21:16', '2024-05-05 17:21:16');

-- --------------------------------------------------------

--
-- Table structure for table `ketstokminyaks`
--

CREATE TABLE `ketstokminyaks` (
  `id` bigint UNSIGNED NOT NULL,
  `stoksebelumnya` int NOT NULL,
  `stoksetelahnya` int NOT NULL,
  `keterangan` varchar(255) COLLATE utf8mb4_unicode_ci NOT NULL,
  `user_id` bigint UNSIGNED NOT NULL,
  `created_at` timestamp NULL DEFAULT NULL,
  `updated_at` timestamp NULL DEFAULT NULL
) ENGINE=InnoDB DEFAULT CHARSET=utf8mb4 COLLATE=utf8mb4_unicode_ci;

--
-- Dumping data for table `ketstokminyaks`
--

INSERT INTO `ketstokminyaks` (`id`, `stoksebelumnya`, `stoksetelahnya`, `keterangan`, `user_id`, `created_at`, `updated_at`) VALUES
(3, 2, 14, 'Data sawit masuk dari kebun', 1, '2024-04-23 11:21:53', '2024-04-23 11:21:53'),
(4, 14, 514, 'Stok Masuk Dari PTPN sebelah', 1, '2024-04-23 11:39:34', '2024-04-23 11:39:34'),
(5, 514, 524, 'Sisa Stok', 1, '2024-04-23 11:39:52', '2024-04-23 11:39:52'),
(6, 524, 423, 'Pengiriman Ke PT.X', 1, '2024-04-23 11:40:13', '2024-04-23 11:40:13');

-- --------------------------------------------------------

--
-- Table structure for table `laporanharians`
--

CREATE TABLE `laporanharians` (
  `id` char(36) COLLATE utf8mb4_unicode_ci NOT NULL,
  `realisasi_tbs` double(53,2) DEFAULT NULL,
  `rkap_tbs` double(53,2) DEFAULT NULL,
  `tbs_olah` double(53,2) DEFAULT NULL,
  `sisa_tbs` double(53,2) DEFAULT NULL,
  `realisasi_minyaksawit` double(53,2) DEFAULT NULL,
  `rkap_minyaksawit` double(53,2) DEFAULT NULL,
  `realisasi_intisawit` double(53,2) DEFAULT NULL,
  `rkap_intisawit` double(53,2) DEFAULT NULL,
  `realisasi_rendemen` double(53,2) DEFAULT NULL,
  `rkap_rendemen` double(53,2) DEFAULT NULL,
  `realisasi_rendemen_inti` double(53,2) DEFAULT NULL,
  `rkap_rendemen_inti` double(53,2) DEFAULT NULL,
  `pengiriman_minyaksawit` double(53,2) DEFAULT NULL,
  `pengiriman_intisawit` double(53,2) DEFAULT NULL,
  `pengiriman_cangkang` double(53,2) DEFAULT NULL,
  `ptpn` enum('gunung-banyu','tanah-itam-ulu','laras','bukit-lima','dolok-ilir','mayang','marihat','tbs p-III','gabungan') COLLATE utf8mb4_unicode_ci NOT NULL,
  `tanggal` timestamp NOT NULL,
  `created_at` timestamp NULL DEFAULT NULL,
  `updated_at` timestamp NULL DEFAULT NULL
) ENGINE=InnoDB DEFAULT CHARSET=utf8mb4 COLLATE=utf8mb4_unicode_ci;

--
-- Dumping data for table `laporanharians`
--

INSERT INTO `laporanharians` (`id`, `realisasi_tbs`, `rkap_tbs`, `tbs_olah`, `sisa_tbs`, `realisasi_minyaksawit`, `rkap_minyaksawit`, `realisasi_intisawit`, `rkap_intisawit`, `realisasi_rendemen`, `rkap_rendemen`, `realisasi_rendemen_inti`, `rkap_rendemen_inti`, `pengiriman_minyaksawit`, `pengiriman_intisawit`, `pengiriman_cangkang`, `ptpn`, `tanggal`, `created_at`, `updated_at`) VALUES
('096392fe-bf6a-4138-93e9-61929ea7e965', 1987570.00, 2280000.00, NULL, 0.00, 459327.00, 528000.00, 82945.00, 96000.00, 2311.00, 0.00, NULL, 0.00, 459327.00, 82945.00, 0.00, 'tanah-itam-ulu', '2023-10-10 17:00:00', '2024-05-10 05:40:40', '2024-05-10 05:40:40'),
('09fb3658-5a1b-4eae-935f-c4eac5e090ed', 0.00, 0.00, NULL, 0.00, 0.00, 0.00, 0.00, 0.00, 0.00, 0.00, NULL, 0.00, 0.00, 0.00, 0.00, 'dolok-ilir', '2023-10-30 17:00:00', '2024-05-08 14:26:09', '2024-05-08 14:26:09'),
('188ca06c-0894-4046-a4d8-dadca3bd44a4', 69.32, 71.01, NULL, 0.00, 15.83, 17.13, 2.79, 3.03, 0.47, 0.00, NULL, 0.00, 15.74, 2.83, 0.00, 'gunung-banyu', '2023-03-06 17:00:00', '2024-05-10 05:58:33', '2024-05-10 05:58:33'),
('2181d493-b6e6-411f-a491-9fa04a2610b2', 26340.00, 68000.00, NULL, 0.00, 3832.00, 23000.00, 1212.00, 23000.00, 14.55, 16.87, NULL, 0.00, 3832.00, 1212.00, 0.00, 'tbs p-III', '2023-10-30 17:00:00', '2024-05-08 14:32:31', '2024-05-08 14:32:31'),
('2ca9e628-cdac-4571-9b60-9d9fd5d5e003', 548860.00, 546000.00, NULL, 747550.00, 141339.00, 130000.00, 27695.00, 33000.00, 22.20, 23.95, NULL, 0.00, 326538.00, 75878.00, 0.00, 'gunung-banyu', '2023-10-30 17:00:00', '2024-05-08 14:21:13', '2024-05-08 14:21:13'),
('2fe8aec2-48b2-4029-ab13-ffc1fd6c9e94', 0.00, 0.00, NULL, 0.00, 0.00, 0.00, 0.00, 0.00, 0.00, 0.00, NULL, 0.00, 0.00, 0.00, 0.00, 'dolok-ilir', '2023-10-01 17:00:00', '2024-05-10 05:44:52', '2024-05-10 05:44:52'),
('3aa18b2b-696d-4fc8-8ccd-0e0f37ffb9ca', 972940.00, 1632000.00, NULL, 0.00, 143140.00, 264000.00, 44756.00, 69000.00, 16.00, 0.00, NULL, 0.00, 143140.00, 44756.00, 0.00, 'tbs p-III', '2023-07-05 17:00:00', '2024-05-10 05:55:02', '2024-05-10 05:55:02'),
('3df21f64-9f75-4f12-86b2-be0df48ae149', 0.00, 0.00, NULL, 0.00, 0.00, 0.00, 0.00, 0.00, 0.00, 0.00, NULL, 0.00, 0.00, 0.00, 0.00, 'marihat', '2023-10-30 17:00:00', '2024-05-08 14:27:34', '2024-05-08 14:27:34'),
('3e550537-7a7d-4214-a5e5-f2b1f0e65a10', 0.00, 0.00, NULL, 0.00, 0.00, 0.00, 0.00, 0.00, 0.00, 0.00, NULL, 0.00, 0.00, 0.00, 0.00, 'marihat', '2023-07-03 17:00:00', '2024-05-10 05:45:31', '2024-05-10 05:45:31'),
('3f710f8e-251f-4c81-85f4-cd9b27eec858', 0.00, 0.00, NULL, 0.00, NULL, 0.00, 0.00, 0.00, 0.00, 0.00, NULL, 0.00, 0.00, 0.00, 0.00, 'bukit-lima', '2023-05-03 17:00:00', '2024-05-10 06:01:46', '2024-05-10 06:01:46'),
('68e0a567-cd1d-49f8-b3d0-87c796bc63d0', 0.00, 0.00, NULL, 0.00, 0.00, 0.00, 0.00, 0.00, 0.00, 0.00, NULL, 0.00, 0.00, 0.00, 0.00, 'marihat', '2023-05-01 17:00:00', '2024-05-10 06:03:41', '2024-05-10 06:03:41'),
('717f4355-9be8-4eb6-8028-e538ad81f4b9', 0.00, 0.00, NULL, 0.00, 0.00, 0.00, 0.00, 0.00, 0.00, 0.00, NULL, 0.00, 0.00, 0.00, 0.00, 'laras', '2023-05-10 17:00:00', '2024-05-10 06:01:17', '2024-05-10 06:01:17'),
('85b05679-ed6a-4c4a-8f86-a26a32672f79', 0.00, 0.00, NULL, 0.00, 0.00, 0.00, 0.00, 0.00, 0.00, 0.00, NULL, 0.00, 0.00, NULL, 0.00, 'dolok-ilir', '2023-05-02 17:00:00', '2024-05-10 06:02:09', '2024-05-10 06:02:09'),
('9704d8ee-06eb-4fbd-b1a9-755eace00502', 0.00, 0.00, NULL, 0.00, 0.00, 0.00, 0.00, 0.00, 0.00, 0.00, NULL, 0.00, 0.00, 0.00, 0.00, 'bukit-lima', '2023-10-30 17:00:00', '2024-05-08 14:24:59', '2024-05-08 14:24:59'),
('9ce68aa1-5a2c-4f9a-95c6-faab0df9cc40', 0.00, 0.00, NULL, 0.00, 0.00, 0.00, 0.00, 0.00, 0.00, 0.00, NULL, 0.00, 0.00, 0.00, 0.00, 'mayang', '2023-07-04 17:00:00', '2024-05-10 05:47:50', '2024-05-10 05:47:50'),
('9dd53383-82a4-4b3a-a55a-90a8c4ea27c6', 23610.00, 0.00, NULL, 0.00, 5194.00, 0.00, 980.00, 0.00, 22.00, 0.00, NULL, 0.00, 5194.00, 980.00, 0.00, 'bukit-lima', '2023-07-04 17:00:00', '2024-05-10 05:44:04', '2024-05-10 05:44:04'),
('ab4a363f-43b7-48fa-9c7f-ac805f845300', 0.00, 0.00, NULL, 0.00, 0.00, 0.00, 0.00, 0.00, 0.00, 0.00, NULL, 0.00, 0.00, 0.00, 0.00, 'laras', '2023-07-02 17:00:00', '2024-05-10 05:41:32', '2024-05-10 05:41:32'),
('bd51641a-1b3f-4312-8fea-78073fe68233', 14249910.00, 831000.00, NULL, 13624780.00, 3043926.00, 3168000.00, 591952.00, 552000.00, NULL, NULL, NULL, 0.00, 0.13, 4.34, 0.00, 'gunung-banyu', '2023-07-10 17:00:00', '2024-05-08 15:07:41', '2024-05-08 15:07:41'),
('c30906f3-3473-42d0-a1ad-ecbb5498761d', 12050310.00, 12140000.00, NULL, 0.00, 2822210.00, 2866000.00, 484375.00, 499000.00, 0.00, 0.00, NULL, 0.00, 2822210.00, 484375.00, 0.00, 'tanah-itam-ulu', '2023-04-30 17:00:00', '2024-05-10 06:00:55', '2024-05-10 06:00:55'),
('d10e2285-5e80-48ad-84b8-8042278d0c3b', NULL, NULL, NULL, 0.00, 0.00, 0.00, 0.00, 0.00, 0.00, 0.00, NULL, 0.00, 0.00, 0.00, 0.00, 'mayang', '2023-10-30 17:00:00', '2024-05-08 14:27:09', '2024-05-08 14:27:09'),
('ed023e42-ee70-4323-a94a-da673814e4d9', 0.00, 0.00, NULL, 0.00, 0.00, 0.00, 0.00, 0.00, 0.00, 0.00, NULL, 0.00, 0.00, 0.00, 0.00, 'laras', '2023-10-30 17:00:00', '2024-05-08 14:24:16', '2024-05-08 14:24:16'),
('f13565e8-8a11-4506-b126-16355b0fb918', 0.00, 0.00, NULL, 0.00, 0.00, 0.00, 0.00, 0.00, 0.00, 0.00, NULL, 0.00, 0.00, 0.00, 0.00, 'mayang', '2023-05-10 17:00:00', '2024-05-10 06:03:13', '2024-05-10 06:03:13'),
('f13cc26a-5595-43d8-9d95-1fbf8d82bba7', 10942870.00, 9968000.00, NULL, 0.00, 1716873.00, 1686000.00, 489197.00, 424000.00, 1.10, 0.00, NULL, 0.00, 1716873.00, 489197.00, 0.00, 'tbs p-III', '2023-05-04 17:00:00', '2024-05-10 06:06:26', '2024-05-10 06:06:26'),
('ffe2d8a2-e3d5-44e6-9e27-01c13b4bdab5', 0.00, 108000.00, NULL, 0.00, 0.00, 39000.00, 0.00, 3000.00, 0.00, 23.75, NULL, 0.00, 0.00, 0.00, 0.00, 'tanah-itam-ulu', '2023-10-30 17:00:00', '2024-05-08 14:23:29', '2024-05-08 14:23:29');

-- --------------------------------------------------------

--
-- Table structure for table `migrations`
--

CREATE TABLE `migrations` (
  `id` int UNSIGNED NOT NULL,
  `migration` varchar(255) COLLATE utf8mb4_unicode_ci NOT NULL,
  `batch` int NOT NULL
) ENGINE=InnoDB DEFAULT CHARSET=utf8mb4 COLLATE=utf8mb4_unicode_ci;

--
-- Dumping data for table `migrations`
--

INSERT INTO `migrations` (`id`, `migration`, `batch`) VALUES
(1, '2012_03_20_041650_create_role_users_table', 1),
(2, '2014_10_12_000000_create_users_table', 1),
(3, '2014_10_12_100000_create_password_reset_tokens_table', 1),
(4, '2019_08_19_000000_create_failed_jobs_table', 1),
(5, '2019_12_14_000001_create_personal_access_tokens_table', 1),
(6, '2024_03_09_211619_create_category_inventaris_table', 1),
(7, '2024_03_09_211634_create_inventaris_table', 1),
(8, '2024_03_15_025227_create_analisasawits_table', 1),
(9, '2024_04_19_111859_create_stokminyaks_table', 2),
(10, '2024_04_19_111932_create_ketstokminyaks_table', 2),
(11, '2024_05_03_013559_create_tandanbuahs_table', 3),
(15, '2024_05_03_025503_create_laporanharians_table', 4);

-- --------------------------------------------------------

--
-- Table structure for table `password_reset_tokens`
--

CREATE TABLE `password_reset_tokens` (
  `email` varchar(255) COLLATE utf8mb4_unicode_ci NOT NULL,
  `token` varchar(255) COLLATE utf8mb4_unicode_ci NOT NULL,
  `created_at` timestamp NULL DEFAULT NULL
) ENGINE=InnoDB DEFAULT CHARSET=utf8mb4 COLLATE=utf8mb4_unicode_ci;

-- --------------------------------------------------------

--
-- Table structure for table `personal_access_tokens`
--

CREATE TABLE `personal_access_tokens` (
  `id` bigint UNSIGNED NOT NULL,
  `tokenable_type` varchar(255) COLLATE utf8mb4_unicode_ci NOT NULL,
  `tokenable_id` bigint UNSIGNED NOT NULL,
  `name` varchar(255) COLLATE utf8mb4_unicode_ci NOT NULL,
  `token` varchar(64) COLLATE utf8mb4_unicode_ci NOT NULL,
  `abilities` text COLLATE utf8mb4_unicode_ci,
  `last_used_at` timestamp NULL DEFAULT NULL,
  `expires_at` timestamp NULL DEFAULT NULL,
  `created_at` timestamp NULL DEFAULT NULL,
  `updated_at` timestamp NULL DEFAULT NULL
) ENGINE=InnoDB DEFAULT CHARSET=utf8mb4 COLLATE=utf8mb4_unicode_ci;

-- --------------------------------------------------------

--
-- Table structure for table `role_users`
--

CREATE TABLE `role_users` (
  `id` bigint UNSIGNED NOT NULL,
  `role` varchar(255) COLLATE utf8mb4_unicode_ci NOT NULL,
  `created_at` timestamp NULL DEFAULT NULL,
  `updated_at` timestamp NULL DEFAULT NULL
) ENGINE=InnoDB DEFAULT CHARSET=utf8mb4 COLLATE=utf8mb4_unicode_ci;

--
-- Dumping data for table `role_users`
--

INSERT INTO `role_users` (`id`, `role`, `created_at`, `updated_at`) VALUES
(1, 'Admin', '2024-03-20 16:06:19', '2024-03-20 16:06:19'),
(2, 'Direktur', '2024-03-20 16:06:19', '2024-03-20 16:06:19'),
(3, 'Operator', '2024-03-20 16:06:19', '2024-03-20 16:06:19'),
(4, 'SuperAdmin', '2024-03-20 16:06:19', '2024-03-20 16:06:19');

-- --------------------------------------------------------

--
-- Table structure for table `stokminyaks`
--

CREATE TABLE `stokminyaks` (
  `id` bigint UNSIGNED NOT NULL,
  `stok` int NOT NULL,
  `created_at` timestamp NULL DEFAULT NULL,
  `updated_at` timestamp NULL DEFAULT NULL
) ENGINE=InnoDB DEFAULT CHARSET=utf8mb4 COLLATE=utf8mb4_unicode_ci;

--
-- Dumping data for table `stokminyaks`
--

INSERT INTO `stokminyaks` (`id`, `stok`, `created_at`, `updated_at`) VALUES
(1, 423, NULL, '2024-04-23 11:40:13');

-- --------------------------------------------------------

--
-- Table structure for table `tandanbuahs`
--

CREATE TABLE `tandanbuahs` (
  `id` char(36) COLLATE utf8mb4_unicode_ci NOT NULL,
  `panen_masuk` int DEFAULT NULL,
  `tbs_diolah` int DEFAULT NULL,
  `kategori` enum('buah-kebun-banyu','pihak-ketiga') COLLATE utf8mb4_unicode_ci NOT NULL,
  `tanggal` timestamp NOT NULL,
  `created_at` timestamp NULL DEFAULT NULL,
  `updated_at` timestamp NULL DEFAULT NULL
) ENGINE=InnoDB DEFAULT CHARSET=utf8mb4 COLLATE=utf8mb4_unicode_ci;

--
-- Dumping data for table `tandanbuahs`
--

INSERT INTO `tandanbuahs` (`id`, `panen_masuk`, `tbs_diolah`, `kategori`, `tanggal`, `created_at`, `updated_at`) VALUES
('00446d7d-7e80-4520-80ea-b10038e209b4', NULL, NULL, 'buah-kebun-banyu', '2023-11-25 17:00:00', '2024-05-05 15:50:56', '2024-05-05 15:50:56'),
('05c17271-cf6a-46de-8649-16f3ea686da1', 95, NULL, 'pihak-ketiga', '2023-12-14 17:00:00', '2024-05-05 15:50:56', '2024-05-05 15:50:56'),
('099210b2-ca1f-465b-8d53-1002e4a8efa4', 156, 156, 'buah-kebun-banyu', '2023-11-29 17:00:00', '2024-05-05 15:50:56', '2024-05-05 15:50:56'),
('09a51f25-fec0-4147-8500-fc953b13671f', 160820, 160820, 'buah-kebun-banyu', '2023-10-13 17:00:00', '2024-05-05 15:50:56', '2024-05-05 15:50:56'),
('09a9c7cd-7d54-4b5b-b7fd-7ea24ec5f578', 218, 213, 'buah-kebun-banyu', '2023-11-09 17:00:00', '2024-05-05 15:50:56', '2024-05-05 15:50:56'),
('0f18854d-4003-40df-9a35-7c7e8893f34a', 87, 224, 'pihak-ketiga', '2023-12-08 17:00:00', '2024-05-05 15:50:56', '2024-05-05 15:50:56'),
('139fbaf1-4867-4193-9056-126e4fc91dcd', 443, 49, 'pihak-ketiga', '2023-12-03 17:00:00', '2024-05-05 15:50:56', '2024-05-05 15:50:56'),
('15052a75-784c-49b7-b806-e336f4ae77ce', 443, 385, 'pihak-ketiga', '2023-11-21 17:00:00', '2024-05-05 15:50:56', '2024-05-05 15:50:56'),
('15e4bede-1ed1-4ccf-a046-0c3928b697e3', 158, 158, 'buah-kebun-banyu', '2023-11-15 17:00:00', '2024-05-05 15:50:56', '2024-05-05 15:50:56'),
('17c39827-8f55-437c-9268-69fa655ab3a2', 506, 488, 'pihak-ketiga', '2023-11-06 17:00:00', '2024-05-05 15:50:56', '2024-05-05 15:50:56'),
('17c9fe1a-523e-4d55-bde1-5775e67521bc', 120, 348, 'pihak-ketiga', '2023-12-17 17:00:00', '2024-05-05 15:50:56', '2024-05-05 15:50:56'),
('1871d03d-829a-4ec5-a72f-0e2b0a93bc22', NULL, NULL, 'pihak-ketiga', '2023-12-16 17:00:00', '2024-05-05 15:50:56', '2024-05-05 15:50:56'),
('18c8e4b8-c95f-486d-8603-8dd5b899c19f', 142, NULL, 'pihak-ketiga', '2023-12-18 17:00:00', '2024-05-05 15:50:56', '2024-05-05 15:50:56'),
('19e709c3-e9c3-4986-b132-99124582e350', 243, NULL, 'pihak-ketiga', '2023-12-25 17:00:00', '2024-05-05 15:50:56', '2024-05-05 15:50:56'),
('1db38ff4-4446-4701-9add-08d503f45113', 156, 476, 'pihak-ketiga', '2023-12-06 17:00:00', '2024-05-05 15:50:56', '2024-05-05 15:50:56'),
('1f211918-9afd-4d80-8b7d-38e7e20f1170', NULL, NULL, 'buah-kebun-banyu', '2023-09-30 17:00:00', '2024-05-05 15:50:56', '2024-05-05 15:50:56'),
('1f24ca77-991d-4517-bf39-1b093bc83aed', 204, 393, 'pihak-ketiga', '2023-12-22 17:00:00', '2024-05-05 15:50:56', '2024-05-05 15:50:56'),
('1f5633b9-557d-4b96-af34-e15f560fa414', 130, 130, 'buah-kebun-banyu', '2023-10-26 17:00:00', '2024-05-05 15:50:56', '2024-05-05 15:50:56'),
('22bcc36a-3450-4c9c-9bef-0bfa65b876ae', 436, 310, 'pihak-ketiga', '2023-11-18 17:00:00', '2024-05-05 15:50:56', '2024-05-05 15:50:56'),
('235a7cf7-5a98-4989-96a6-0861e3b18478', 99650, 124400, 'buah-kebun-banyu', '2023-10-12 17:00:00', '2024-05-05 15:50:56', '2024-05-05 15:50:56'),
('23634e28-4def-4b39-bb33-529086b7fe8e', 124, 200, 'buah-kebun-banyu', '2023-11-04 17:00:00', '2024-05-05 15:50:56', '2024-05-05 15:50:56'),
('26490051-ca7e-49ad-95cb-2e0deb62e09f', NULL, NULL, 'pihak-ketiga', '2023-12-09 17:00:00', '2024-05-05 15:50:56', '2024-05-05 15:50:56'),
('26699b43-e64f-4e7f-82a2-9fe9d8e91e2a', 160, 160, 'buah-kebun-banyu', '2023-11-08 17:00:00', '2024-05-05 15:50:56', '2024-05-05 15:50:56'),
('2897919a-80f7-4bd8-9080-1810e278d9e4', 24750, NULL, 'buah-kebun-banyu', '2023-10-11 17:00:00', '2024-05-05 15:50:56', '2024-05-05 15:50:56'),
('290fb790-fc7e-45b3-8794-d8b7eeb5c4f6', 383, 479, 'pihak-ketiga', '2023-11-07 17:00:00', '2024-05-05 15:50:56', '2024-05-05 15:50:56'),
('29194513-d69e-4439-9595-278496ff1082', 487, 453, 'pihak-ketiga', '2023-11-26 17:00:00', '2024-05-05 15:50:56', '2024-05-05 15:50:56'),
('29d86904-f008-4dbd-96a5-74f7bcad92de', 483, 593, 'pihak-ketiga', '2023-12-01 17:00:00', '2024-05-05 15:50:56', '2024-05-05 15:50:56'),
('2ba27e0f-b400-4ab3-a3dd-4c8d0de5f3a6', 411, 492, 'pihak-ketiga', '2023-11-10 17:00:00', '2024-05-05 15:50:56', '2024-05-05 15:50:56'),
('2d43b553-307f-4186-86e9-63f9290696df', 153, 153, 'buah-kebun-banyu', '2023-11-20 17:00:00', '2024-05-05 15:50:56', '2024-05-05 15:50:56'),
('343f7887-f4d3-4c26-9c8b-3d9bd82a94aa', 284, NULL, 'pihak-ketiga', '2023-12-28 17:00:00', '2024-05-05 15:50:56', '2024-05-05 15:50:56'),
('3582b08f-2b93-4760-8dc3-61f98a39da6c', 83, NULL, 'pihak-ketiga', '2023-12-12 17:00:00', '2024-05-05 15:50:56', '2024-05-05 15:50:56'),
('36850d0c-d0f0-4137-a213-5ee94cb91c38', 131, 131, 'buah-kebun-banyu', '2023-10-31 17:00:00', '2024-05-05 15:50:56', '2024-05-05 15:50:56'),
('38e61f66-927b-4561-a6f4-02aea9e52ab9', 96, 96, 'buah-kebun-banyu', '2023-12-01 17:00:00', '2024-05-05 15:50:56', '2024-05-05 15:50:56'),
('3afc0435-6c86-41c9-b014-c6268e846377', 255, 460, 'pihak-ketiga', '2023-12-29 17:00:00', '2024-05-05 15:50:56', '2024-05-05 15:50:56'),
('3c2b8a6f-27ce-48d9-81d1-6135872411ac', 414, 542, 'pihak-ketiga', '2023-11-13 17:00:00', '2024-05-05 15:50:56', '2024-05-05 15:50:56'),
('3f0c0c73-efcd-4944-94aa-568598c03113', 198, 198, 'buah-kebun-banyu', '2023-10-24 17:00:00', '2024-05-05 15:50:56', '2024-05-05 15:50:56'),
('40553cd7-ade9-454c-ac43-e1912b038d30', 519, 488, 'pihak-ketiga', '2023-11-02 17:00:00', '2024-05-05 15:50:56', '2024-05-05 15:50:56'),
('41574838-f842-4c7a-8ae6-517a39d0bf3d', 484, 544, 'pihak-ketiga', '2023-11-29 17:00:00', '2024-05-05 15:50:56', '2024-05-05 15:50:56'),
('4186a678-260b-47bd-8546-d1508bf5fede', 160, 160, 'buah-kebun-banyu', '2023-10-28 17:00:00', '2024-05-05 15:50:56', '2024-05-05 15:50:56'),
('419caa6d-b783-4411-8bd9-df23d59b4004', 358, 404, 'pihak-ketiga', '2023-11-22 17:00:00', '2024-05-05 15:50:56', '2024-05-05 15:50:56'),
('43f39723-d99a-4173-bd87-47579746cd92', 409, NULL, 'pihak-ketiga', '2023-11-25 17:00:00', '2024-05-05 15:50:56', '2024-05-05 15:50:56'),
('44c4fcda-39eb-4d03-a65f-179053ff9715', 67, 227680, 'buah-kebun-banyu', '2023-12-29 17:00:00', '2024-05-05 15:50:56', '2024-05-05 15:50:56'),
('44e7b0a4-6641-44d9-b219-289603dae42a', 79, 216290, 'buah-kebun-banyu', '2023-12-26 17:00:00', '2024-05-05 15:50:56', '2024-05-05 15:50:56'),
('46227a28-42db-46ef-943a-21580db7bb4f', 86, NULL, 'buah-kebun-banyu', '2023-12-11 17:00:00', '2024-05-05 15:50:56', '2024-05-05 15:50:56'),
('485bb076-a850-4ec0-b9f0-b38c0ec202dc', 461, NULL, 'pihak-ketiga', '2023-12-04 17:00:00', '2024-05-05 15:50:56', '2024-05-05 15:50:56'),
('4951c952-5d5c-4115-a420-5e3d0fddc2b8', 113, 113, 'buah-kebun-banyu', '2023-12-02 17:00:00', '2024-05-05 15:50:56', '2024-05-05 15:50:56'),
('4b2b2cf2-2af8-447a-95ef-e1c20d6089e1', 256, 345, 'pihak-ketiga', '2023-12-26 17:00:00', '2024-05-05 15:50:56', '2024-05-05 15:50:56'),
('4d64033b-e68b-44d4-ae3b-ce060e2591a8', 125, 125, 'buah-kebun-banyu', '2023-11-28 17:00:00', '2024-05-05 15:50:56', '2024-05-05 15:50:56'),
('4e82e8af-52c8-4948-b9ab-28e4e22cfa9b', 428, 481, 'pihak-ketiga', '2023-10-31 17:00:00', '2024-05-05 15:50:56', '2024-05-05 15:50:56'),
('53acbbc8-0ebe-42fd-b8b1-0b4a84533908', 156, 156, 'buah-kebun-banyu', '2023-10-27 17:00:00', '2024-05-05 15:50:56', '2024-05-05 15:50:56'),
('53eaa4a6-7af9-43b8-bb42-13741f29453f', 39480, NULL, 'buah-kebun-banyu', '2023-10-04 17:00:00', '2024-05-05 15:50:56', '2024-05-05 15:50:56'),
('53fc9634-06b3-4f77-9155-c3c7c6448188', 147, 147270, 'buah-kebun-banyu', '2023-12-27 17:00:00', '2024-05-05 15:50:56', '2024-05-05 15:50:56'),
('55f4031f-03b2-404c-92b7-4d9dfd341b41', NULL, NULL, 'buah-kebun-banyu', '2023-12-16 17:00:00', '2024-05-05 15:50:56', '2024-05-05 15:50:56'),
('58c147a3-2d36-4807-961d-d66a9a1013d1', 159, 159, 'buah-kebun-banyu', '2023-11-14 17:00:00', '2024-05-05 15:50:56', '2024-05-05 15:50:56'),
('5a04ef46-8821-4855-8087-f65a253a6f4a', 112, 112, 'buah-kebun-banyu', '2023-10-17 17:00:00', '2024-05-05 15:50:56', '2024-05-05 15:50:56'),
('5d25081b-e16f-4293-838a-4d6b4dca1066', 456, 519, 'pihak-ketiga', '2023-11-17 17:00:00', '2024-05-05 15:50:56', '2024-05-05 15:50:56'),
('62596e4c-27bd-4fa5-8632-c5e2a794749a', 428, 450, 'pihak-ketiga', '2023-11-04 17:00:00', '2024-05-05 15:50:56', '2024-05-05 15:50:56'),
('62fbaafa-bcdb-4b45-bd40-e78199d1c704', 103, NULL, 'buah-kebun-banyu', '2023-12-07 17:00:00', '2024-05-05 15:50:56', '2024-05-05 15:50:56'),
('68dec4d3-f883-4829-8048-422f17efdcf1', 304, 433, 'pihak-ketiga', '2023-11-09 17:00:00', '2024-05-05 15:50:56', '2024-05-05 15:50:56'),
('6b128ee1-eba2-457d-a821-5b3ef24967e5', NULL, NULL, 'buah-kebun-banyu', '2023-12-30 17:00:00', '2024-05-05 15:50:56', '2024-05-05 15:50:56'),
('6c954bcc-0dee-4cee-bef5-18b9e4ae6df9', 202, 202, 'buah-kebun-banyu', '2023-11-21 17:00:00', '2024-05-05 15:50:56', '2024-05-05 15:50:56'),
('6d9a4283-0558-440d-8ac3-23a97414656e', 109, NULL, 'buah-kebun-banyu', '2023-12-04 17:00:00', '2024-05-05 15:50:56', '2024-05-05 15:50:56'),
('6dba1cd2-da29-4dd1-a1df-6d0ed2789196', 117, 117, 'buah-kebun-banyu', '2023-11-19 17:00:00', '2024-05-05 15:50:56', '2024-05-05 15:50:56'),
('6f6b6e4d-480a-4cb4-833d-a5a0419b9f09', 27440, NULL, 'buah-kebun-banyu', '2023-10-09 17:00:00', '2024-05-05 15:50:56', '2024-05-05 15:50:56'),
('7330b3e4-15f6-4649-80ec-5333d9d95f72', 184, 286, 'buah-kebun-banyu', '2023-12-08 17:00:00', '2024-05-05 15:50:56', '2024-05-05 15:50:56'),
('742ba20f-df4a-4fb1-b424-dc6b31bd825a', 413, 190, 'pihak-ketiga', '2023-11-11 17:00:00', '2024-05-05 15:50:56', '2024-05-05 15:50:56'),
('76c73346-b587-4a1c-96ca-f58ab5f2ae2a', 160, 160, 'buah-kebun-banyu', '2023-11-26 17:00:00', '2024-05-05 15:50:56', '2024-05-05 15:50:56'),
('77e6807c-af47-4a34-8e27-5be4f1a388e2', 125, NULL, 'pihak-ketiga', '2023-12-07 17:00:00', '2024-05-05 15:50:56', '2024-05-05 15:50:56'),
('798d9a84-a2f4-48c3-9be3-5fd7d6c01946', 107, 201, 'buah-kebun-banyu', '2023-11-05 17:00:00', '2024-05-05 15:50:56', '2024-05-05 15:50:56'),
('7a439b6e-fd41-4e41-80f9-31b9365eee68', 273, 567, 'pihak-ketiga', '2023-12-27 17:00:00', '2024-05-05 15:50:56', '2024-05-05 15:50:56'),
('7a9b9b5d-a32a-4291-af63-17ccc92d1f85', 159, 159, 'buah-kebun-banyu', '2023-11-07 17:00:00', '2024-05-05 15:50:56', '2024-05-05 15:50:56'),
('7b462391-9ebd-4380-b8b8-37f75e1ea3d7', 43850, 60190, 'buah-kebun-banyu', '2023-10-08 17:00:00', '2024-05-05 15:50:56', '2024-05-05 15:50:56'),
('7b9cce11-a923-46c8-b08b-886c9e2f86d7', 453, 512, 'pihak-ketiga', '2023-11-01 17:00:00', '2024-05-05 15:50:56', '2024-05-05 15:50:56'),
('7cc0d9a0-31a6-4d3a-91ee-31d0c5a6058c', NULL, NULL, 'buah-kebun-banyu', '2023-12-09 17:00:00', '2024-05-05 15:50:56', '2024-05-05 15:50:56'),
('7e9ce308-c9f7-47d4-bdca-9dafc9511590', 121, 121, 'buah-kebun-banyu', '2023-11-22 17:00:00', '2024-05-05 15:50:56', '2024-05-05 15:50:56'),
('814b1339-9a0c-42de-ad2b-2e2afd33086a', 322, 490, 'pihak-ketiga', '2023-11-08 17:00:00', '2024-05-05 15:50:56', '2024-05-05 15:50:56'),
('81fc8717-e816-4482-8967-591dd7f30dbe', 471, 463, 'pihak-ketiga', '2023-11-24 17:00:00', '2024-05-05 15:50:56', '2024-05-05 15:50:56'),
('831f33a9-99ab-43d3-8c5a-ee05bfec903a', 117, 117, 'buah-kebun-banyu', '2023-11-30 17:00:00', '2024-05-05 15:50:56', '2024-05-05 15:50:56'),
('84ad25d5-87dd-453e-b634-1b47ec1cc87e', 131, NULL, 'buah-kebun-banyu', '2023-12-21 17:00:00', '2024-05-05 15:50:56', '2024-05-05 15:50:56'),
('8598db49-b271-4fda-a524-0161eac1346d', 130871, 130870, 'pihak-ketiga', '2024-05-08 05:00:00', '2024-05-07 08:38:32', '2024-05-07 08:38:32'),
('87f09e3e-5808-4fd3-aefd-c655221ee884', 129, 129, 'buah-kebun-banyu', '2023-10-22 17:00:00', '2024-05-05 15:50:56', '2024-05-05 15:50:56'),
('886c08df-feda-4b23-bf51-b029cc8c3d6f', 137, NULL, 'buah-kebun-banyu', '2023-12-25 17:00:00', '2024-05-05 15:50:56', '2024-05-05 15:50:56'),
('8927efc6-cff9-4a80-8e3b-85bb34d2874c', 133, 133, 'buah-kebun-banyu', '2023-11-12 17:00:00', '2024-05-05 15:50:56', '2024-05-05 15:50:56'),
('89fa1ba0-27e2-4a02-95f1-18995a9eb97c', 482, 536, 'pihak-ketiga', '2023-11-20 17:00:00', '2024-05-05 15:50:56', '2024-05-05 15:50:56'),
('8b717a60-3b82-44b2-98aa-9583fd3d62aa', 35, 35, 'buah-kebun-banyu', '2023-10-19 17:00:00', '2024-05-05 15:50:56', '2024-05-05 15:50:56'),
('8bdeab3d-8816-49cd-9eb0-f1da5bc9b09d', 124900, 124900, 'buah-kebun-banyu', '2023-10-16 17:00:00', '2024-05-05 15:50:56', '2024-05-05 15:50:56'),
('8c1e9742-170c-4c26-8a54-42941dae6583', 214, 214, 'buah-kebun-banyu', '2023-10-30 17:00:00', '2024-05-05 15:50:56', '2024-05-05 15:50:56'),
('8e13f6f9-f712-4008-b509-615865dd654b', 144, 253, 'buah-kebun-banyu', '2023-12-05 17:00:00', '2024-05-05 15:50:56', '2024-05-05 15:50:56'),
('8ececfb9-9ba3-447b-bb57-01c915d4ea65', 473, 538, 'pihak-ketiga', '2023-11-28 17:00:00', '2024-05-05 15:50:56', '2024-05-05 15:50:56'),
('90f32007-28c1-4b59-bbb3-9efceaa72191', 25460, 64910, 'buah-kebun-banyu', '2023-10-05 17:00:00', '2024-05-05 15:50:56', '2024-05-05 15:50:56'),
('910ea6e4-a712-4f98-aa65-ea805da570e8', 98, 98, 'buah-kebun-banyu', '2023-12-03 17:00:00', '2024-05-05 15:50:56', '2024-05-05 15:50:56'),
('9157cca6-65ae-4f47-b68e-c89e333e157a', 124, 124, 'buah-kebun-banyu', '2023-11-02 17:00:00', '2024-05-05 15:50:56', '2024-05-05 15:50:56'),
('91c5ceb9-ca99-4efd-8374-90e41726cbd5', 182, NULL, 'pihak-ketiga', '2023-12-23 17:00:00', '2024-05-05 15:50:56', '2024-05-05 15:50:56'),
('91f0970c-54d8-47ea-9376-2a850c463365', 442, 479, 'pihak-ketiga', '2023-11-15 17:00:00', '2024-05-05 15:50:56', '2024-05-05 15:50:56'),
('92037e37-fafa-4c5b-bc88-68cddde107c3', NULL, NULL, 'buah-kebun-banyu', '2023-10-07 17:00:00', '2024-05-05 15:50:56', '2024-05-05 15:50:56'),
('94403745-c80e-4eec-976a-dcdaa3bf9f6a', 185, 185, 'buah-kebun-banyu', '2023-10-29 17:00:00', '2024-05-05 15:50:56', '2024-05-05 15:50:56'),
('947f7766-c78a-4cae-908c-831e531229e7', 125, 125, 'buah-kebun-banyu', '2023-11-01 17:00:00', '2024-05-05 15:50:56', '2024-05-05 15:50:56'),
('979adeff-e627-4ece-ab1c-c0065106536d', 503, 411, 'pihak-ketiga', '2023-11-05 17:00:00', '2024-05-05 15:50:56', '2024-05-05 15:50:56'),
('9c00af5e-5c99-47ce-a702-a2990c4d8fcc', 124430, 207790, 'buah-kebun-banyu', '2023-10-15 17:00:00', '2024-05-05 15:50:56', '2024-05-05 15:50:56'),
('9c5ef8b7-39a0-474c-91ed-50d3693a6830', 170, NULL, 'buah-kebun-banyu', '2023-11-03 17:00:00', '2024-05-05 15:50:56', '2024-05-05 15:50:56'),
('a03f4688-7fad-4114-9276-ae2debe3a005', 55, NULL, 'buah-kebun-banyu', '2023-12-19 17:00:00', '2024-05-05 15:50:56', '2024-05-05 15:50:56'),
('a2aad3dd-5a29-481b-9110-64af7e3768fd', 161, NULL, 'buah-kebun-banyu', '2023-12-28 17:00:00', '2024-05-05 15:50:56', '2024-05-05 15:50:56'),
('a33493cf-e925-43b0-939b-0205a61ae6fe', 181, 181, 'buah-kebun-banyu', '2023-11-17 17:00:00', '2024-05-05 15:50:56', '2024-05-05 15:50:56'),
('a42791c0-376d-4a91-b656-dacc00655894', 419, 550, 'pihak-ketiga', '2023-12-02 17:00:00', '2024-05-05 15:50:56', '2024-05-05 15:50:56'),
('a464701c-e5b5-4031-a7df-e111f24cb91a', 212, 212, 'buah-kebun-banyu', '2023-10-23 17:00:00', '2024-05-05 15:50:56', '2024-05-05 15:50:56'),
('a5ce4fed-45b8-461a-b93c-8000304c049e', 218, 434, 'pihak-ketiga', '2023-12-30 17:00:00', '2024-05-05 15:50:56', '2024-05-05 15:50:56'),
('a740d1c3-a73c-4322-8733-af38589905c4', 67, 264, 'buah-kebun-banyu', '2023-12-17 17:00:00', '2024-05-05 15:50:56', '2024-05-05 15:50:56'),
('a9647f81-ec37-488e-ba89-5ff5559e7377', 28310, 55750, 'buah-kebun-banyu', '2023-10-10 17:00:00', '2024-05-05 15:50:56', '2024-05-05 15:50:56'),
('a9a184c4-e1e4-4954-8258-82e431de4185', 490, 533, 'pihak-ketiga', '2023-11-19 17:00:00', '2024-05-05 15:50:56', '2024-05-05 15:50:56'),
('aac6256e-dd38-4b58-92fd-111b6fb7a0eb', 177, 177, 'buah-kebun-banyu', '2023-10-25 17:00:00', '2024-05-05 15:50:56', '2024-05-05 15:50:56'),
('ab45a23e-7102-4a37-8f96-59735e3d93da', 83360, NULL, 'buah-kebun-banyu', '2023-10-14 17:00:00', '2024-05-05 15:50:56', '2024-05-05 15:50:56'),
('ae123269-cb03-4677-9c53-197a5c80cc57', 44, 44, 'buah-kebun-banyu', '2023-10-18 17:00:00', '2024-05-05 15:50:56', '2024-05-05 15:50:56'),
('af77bd1a-34cd-4ee6-8372-355e51054e93', 174, 174, 'buah-kebun-banyu', '2023-11-27 17:00:00', '2024-05-05 15:50:56', '2024-05-05 15:50:56'),
('b29333a8-ef80-46ff-82fc-b6982f95c667', 136, 136, 'buah-kebun-banyu', '2023-12-06 17:00:00', '2024-05-05 15:50:56', '2024-05-05 15:50:56'),
('b303584a-9f11-484f-b847-a41c2db520cf', 146, 146, 'buah-kebun-banyu', '2023-11-10 17:00:00', '2024-05-05 15:50:56', '2024-05-05 15:50:56'),
('b6691255-ea66-4588-8e2a-6b2ab4f22178', 121, 121, 'buah-kebun-banyu', '2023-10-20 17:00:00', '2024-05-05 15:50:56', '2024-05-05 15:50:56'),
('b8a69529-b113-4440-bc08-a510b1d300f0', 139, 270, 'buah-kebun-banyu', '2023-12-22 17:00:00', '2024-05-05 15:50:56', '2024-05-05 15:50:56'),
('bab7d738-5c80-40fc-a3ab-e97cdd3639cd', 93, NULL, 'pihak-ketiga', '2023-12-10 17:00:00', '2024-05-05 15:50:56', '2024-05-05 15:50:56'),
('bb977d6a-de23-44fd-8df3-6375baf77fd0', 461, 583, 'pihak-ketiga', '2023-11-30 17:00:00', '2024-05-05 15:50:56', '2024-05-05 15:50:56'),
('bbd8d0e2-4431-467a-a06e-4e11e8c6833d', 50320, 50320, 'buah-kebun-banyu', '2023-10-02 17:00:00', '2024-05-05 15:50:56', '2024-05-05 15:50:56'),
('bbe3c5fa-cafe-4d75-b513-a710bef58a0d', NULL, NULL, 'buah-kebun-banyu', '2023-12-24 17:00:00', '2024-05-05 15:50:56', '2024-05-05 15:50:56'),
('bdb682a4-6157-4ef7-a125-a3cbe628df7d', 115, 115, 'buah-kebun-banyu', '2023-11-18 17:00:00', '2024-05-05 15:50:56', '2024-05-05 15:50:56'),
('c1d1a2a7-a744-4668-9c05-1dbf3f7c450a', 65, NULL, 'buah-kebun-banyu', '2023-12-13 17:00:00', '2024-05-05 15:50:56', '2024-05-05 15:50:56'),
('c41fb709-45e1-4c91-894d-825ae9076cf5', 511, NULL, 'pihak-ketiga', '2023-11-03 17:00:00', '2024-05-05 15:50:56', '2024-05-05 15:50:56'),
('c86e6545-51bd-4b11-8844-7ad8a2d9a1f3', 218, 218, 'buah-kebun-banyu', '2023-11-11 17:00:00', '2024-05-05 15:50:56', '2024-05-05 15:50:56'),
('cd9e30d2-60e9-4054-85e1-ecebb6fdde8a', 29, NULL, 'buah-kebun-banyu', '2023-12-18 17:00:00', '2024-05-05 15:50:56', '2024-05-05 15:50:56'),
('ceb40b4a-b80c-42a3-8a9c-3ebaf44de568', 62440, 62440, 'buah-kebun-banyu', '2023-10-03 17:00:00', '2024-05-05 15:50:56', '2024-05-05 15:50:56'),
('cf6efaf9-d998-4baf-90b1-dce2a9a12ad6', 136, 136, 'buah-kebun-banyu', '2023-11-06 17:00:00', '2024-05-05 15:50:56', '2024-05-05 15:50:56'),
('d21c1924-0594-42f3-af1d-fff394847815', 120, 254, 'buah-kebun-banyu', '2023-12-12 17:00:00', '2024-05-05 15:50:56', '2024-05-05 15:50:56'),
('d25bcaaf-dbcc-4c21-8d73-d93f16d6003f', 56, 139, 'buah-kebun-banyu', '2023-12-20 17:00:00', '2024-05-05 15:50:56', '2024-05-05 15:50:56'),
('d7581f02-71f1-4b31-82b9-d1bc9e573658', 188, NULL, 'pihak-ketiga', '2023-12-21 17:00:00', '2024-05-05 15:50:56', '2024-05-05 15:50:56'),
('db8a450d-8802-4eeb-877c-ed4b14fb2a26', 154, 154, 'buah-kebun-banyu', '2023-10-21 17:00:00', '2024-05-05 15:50:56', '2024-05-05 15:50:56'),
('dbafcb6b-7c1e-4fba-b5dc-79a26771c90d', 463, 483, 'pihak-ketiga', '2023-11-23 17:00:00', '2024-05-05 15:50:56', '2024-05-05 15:50:56'),
('dc95ec3d-ecce-488d-9226-82f95977c88f', NULL, NULL, 'pihak-ketiga', '2023-12-24 17:00:00', '2024-05-05 15:50:56', '2024-05-05 15:50:56'),
('dd4901c0-fccd-44fc-8353-859206c3571a', 73, NULL, 'buah-kebun-banyu', '2023-12-15 17:00:00', '2024-05-05 15:50:56', '2024-05-05 15:50:56'),
('de13c378-c379-4593-b4de-3884de7264dc', 184, 511, 'pihak-ketiga', '2023-12-20 17:00:00', '2024-05-05 15:50:56', '2024-05-05 15:50:56'),
('e081f228-bb9f-4e7c-b191-5d60f371a743', 84, NULL, 'pihak-ketiga', '2023-12-15 17:00:00', '2024-05-05 15:50:56', '2024-05-05 15:50:56'),
('e2169308-bdcf-4bfc-873c-84d2dcc59161', 148, NULL, 'buah-kebun-banyu', '2023-12-10 17:00:00', '2024-05-05 15:50:56', '2024-05-05 15:50:56'),
('e2c5b2b0-8c44-4e3b-a8fe-d87cc7c35b5e', 470, 529, 'pihak-ketiga', '2023-11-14 17:00:00', '2024-05-05 15:50:56', '2024-05-05 15:50:56'),
('e32336fe-6e5b-4176-bd04-23867d4915c7', 49020, 49020, 'buah-kebun-banyu', '2023-10-01 17:00:00', '2024-05-05 15:50:56', '2024-05-05 15:50:56'),
('e3c5ac6e-1cdb-45b0-9ad0-6f1c66e1a939', 495, 581, 'pihak-ketiga', '2023-11-12 17:00:00', '2024-05-05 15:50:56', '2024-05-05 15:50:56'),
('e6a9d731-87a3-4977-b367-f121e2c2c7c1', 60, NULL, 'buah-kebun-banyu', '2023-12-14 17:00:00', '2024-05-05 15:50:56', '2024-05-05 15:50:56'),
('e7446fee-f15f-4c09-9f25-a0a29f9bd7c4', 98, NULL, 'pihak-ketiga', '2023-12-13 17:00:00', '2024-05-05 15:50:56', '2024-05-05 15:50:56'),
('e90051df-c72c-4cc0-a685-98404d2509d0', 173, 461, 'pihak-ketiga', '2023-12-05 17:00:00', '2024-05-05 15:50:56', '2024-05-05 15:50:56'),
('e975f7c4-de45-4306-acca-1b27f557ada0', 520, 476, 'pihak-ketiga', '2023-11-27 17:00:00', '2024-05-05 15:50:56', '2024-05-05 15:50:56'),
('eaec96ea-36d8-4f9a-a1bf-3e1b9d2cd447', 90, NULL, 'pihak-ketiga', '2023-12-11 17:00:00', '2024-05-05 15:50:56', '2024-05-05 15:50:56'),
('ed74cf5a-9eb4-458e-bd26-005828270b15', 172, 172, 'buah-kebun-banyu', '2023-11-13 17:00:00', '2024-05-05 15:50:56', '2024-05-05 15:50:56'),
('f1069170-d90a-4463-82cc-99779f90b7f1', 137, 137, 'buah-kebun-banyu', '2023-11-24 17:00:00', '2024-05-05 15:50:56', '2024-05-05 15:50:56'),
('f1c7627c-31b0-45a9-b225-8008a5fb3400', 167, 167, 'buah-kebun-banyu', '2023-11-23 17:00:00', '2024-05-05 15:50:56', '2024-05-05 15:50:56'),
('f4faafb9-d75a-4222-91ea-3511bc81baa3', NULL, NULL, 'buah-kebun-banyu', '2023-12-23 17:00:00', '2024-05-05 15:50:56', '2024-05-05 15:50:56'),
('f54f49db-4076-4071-a0b7-59428d09ed8e', 16340, NULL, 'buah-kebun-banyu', '2023-10-06 17:00:00', '2024-05-05 15:50:56', '2024-05-05 15:50:56'),
('f76d1b36-260f-4949-9836-f68d3b552930', 458, 548, 'pihak-ketiga', '2023-11-16 17:00:00', '2024-05-05 15:50:56', '2024-05-05 15:50:56'),
('fc8d5633-a373-4912-a89c-f87e58db3077', 175, NULL, 'pihak-ketiga', '2023-12-19 17:00:00', '2024-05-05 15:50:56', '2024-05-05 15:50:56'),
('fd15deef-ba27-4e11-82a9-2d948cab1ad4', 152, 152, 'buah-kebun-banyu', '2023-11-16 17:00:00', '2024-05-05 15:50:56', '2024-05-05 15:50:56');

-- --------------------------------------------------------

--
-- Table structure for table `users`
--

CREATE TABLE `users` (
  `id` bigint UNSIGNED NOT NULL,
  `nip` varchar(255) COLLATE utf8mb4_unicode_ci NOT NULL,
  `name` varchar(255) COLLATE utf8mb4_unicode_ci NOT NULL,
  `email` varchar(255) COLLATE utf8mb4_unicode_ci NOT NULL,
  `email_verified_at` timestamp NULL DEFAULT NULL,
  `password` varchar(255) COLLATE utf8mb4_unicode_ci NOT NULL,
  `role_user` bigint UNSIGNED NOT NULL,
  `active` tinyint(1) NOT NULL,
  `remember_token` varchar(100) COLLATE utf8mb4_unicode_ci DEFAULT NULL,
  `created_at` timestamp NULL DEFAULT NULL,
  `updated_at` timestamp NULL DEFAULT NULL
) ENGINE=InnoDB DEFAULT CHARSET=utf8mb4 COLLATE=utf8mb4_unicode_ci;

--
-- Dumping data for table `users`
--

INSERT INTO `users` (`id`, `nip`, `name`, `email`, `email_verified_at`, `password`, `role_user`, `active`, `remember_token`, `created_at`, `updated_at`) VALUES
(1, '10112003', 'Super Admin Filza', 'filzaramadhan2003@gmail.com', NULL, '$2y$12$DdVvf5sd0UPrDBgKnEsKiO3kymcsptDxGuyzsFGNqUlPfgCS2zYSq', 4, 1, '1oxqKoYxaUPiSK9FmJqSZbFEv1I1UyGFQY0oFJa1rCStZrdEv50BIfzIs2lm', '2024-03-20 16:06:20', '2024-03-20 16:06:20'),
(4, '210600019', 'Putri Artanti Parinduri', 'putriartanti28@gmail.com', NULL, '$2y$12$eSoAanK6fnrsrVmSb7ad/.xEeaCu127XjpSckio212gVL/MTQ1vQW', 2, 1, NULL, '2024-03-20 17:32:40', '2024-03-20 17:32:40'),
(7, '211402146', 'Filza Admin', 'filzaramadhan2003@students.usu.ac.id', NULL, '$2y$12$phVnMCXQDaBfHSvjhwmkLuaEqdqfpVgOXMU0zbBeeoaA4GXEamQZW', 2, 1, NULL, '2024-04-01 14:59:25', '2024-04-01 15:30:34'),
(16, '12012', 'Filza', 'filzarr@gmail.com', NULL, '$2y$12$IzveeoaGzVubtc1384qa7OQDV38cv015/kNU10u3qlPTwGbVUvy/G', 2, 1, NULL, '2024-05-05 18:30:51', '2024-05-05 18:30:51');

--
-- Indexes for dumped tables
--

--
-- Indexes for table `analisasawits`
--
ALTER TABLE `analisasawits`
  ADD PRIMARY KEY (`id`),
  ADD KEY `analisasawits_user_id_foreign` (`user_id`);

--
-- Indexes for table `category_inventaris`
--
ALTER TABLE `category_inventaris`
  ADD PRIMARY KEY (`id`);

--
-- Indexes for table `failed_jobs`
--
ALTER TABLE `failed_jobs`
  ADD PRIMARY KEY (`id`),
  ADD UNIQUE KEY `failed_jobs_uuid_unique` (`uuid`);

--
-- Indexes for table `inventaris`
--
ALTER TABLE `inventaris`
  ADD PRIMARY KEY (`id`),
  ADD KEY `inventaris_category_id_foreign` (`category_id`),
  ADD KEY `inventaris_user_id_foreign` (`user_id`);

--
-- Indexes for table `ketstokminyaks`
--
ALTER TABLE `ketstokminyaks`
  ADD PRIMARY KEY (`id`),
  ADD KEY `ketstokminyaks_user_id_foreign` (`user_id`);

--
-- Indexes for table `laporanharians`
--
ALTER TABLE `laporanharians`
  ADD PRIMARY KEY (`id`);

--
-- Indexes for table `migrations`
--
ALTER TABLE `migrations`
  ADD PRIMARY KEY (`id`);

--
-- Indexes for table `password_reset_tokens`
--
ALTER TABLE `password_reset_tokens`
  ADD PRIMARY KEY (`email`);

--
-- Indexes for table `personal_access_tokens`
--
ALTER TABLE `personal_access_tokens`
  ADD PRIMARY KEY (`id`),
  ADD UNIQUE KEY `personal_access_tokens_token_unique` (`token`),
  ADD KEY `personal_access_tokens_tokenable_type_tokenable_id_index` (`tokenable_type`,`tokenable_id`);

--
-- Indexes for table `role_users`
--
ALTER TABLE `role_users`
  ADD PRIMARY KEY (`id`);

--
-- Indexes for table `stokminyaks`
--
ALTER TABLE `stokminyaks`
  ADD PRIMARY KEY (`id`);

--
-- Indexes for table `tandanbuahs`
--
ALTER TABLE `tandanbuahs`
  ADD PRIMARY KEY (`id`);

--
-- Indexes for table `users`
--
ALTER TABLE `users`
  ADD PRIMARY KEY (`id`),
  ADD UNIQUE KEY `users_nip_unique` (`nip`),
  ADD UNIQUE KEY `users_email_unique` (`email`),
  ADD KEY `users_role_user_foreign` (`role_user`);

--
-- AUTO_INCREMENT for dumped tables
--

--
-- AUTO_INCREMENT for table `category_inventaris`
--
ALTER TABLE `category_inventaris`
  MODIFY `id` bigint UNSIGNED NOT NULL AUTO_INCREMENT, AUTO_INCREMENT=17;

--
-- AUTO_INCREMENT for table `failed_jobs`
--
ALTER TABLE `failed_jobs`
  MODIFY `id` bigint UNSIGNED NOT NULL AUTO_INCREMENT;

--
-- AUTO_INCREMENT for table `ketstokminyaks`
--
ALTER TABLE `ketstokminyaks`
  MODIFY `id` bigint UNSIGNED NOT NULL AUTO_INCREMENT, AUTO_INCREMENT=7;

--
-- AUTO_INCREMENT for table `migrations`
--
ALTER TABLE `migrations`
  MODIFY `id` int UNSIGNED NOT NULL AUTO_INCREMENT, AUTO_INCREMENT=16;

--
-- AUTO_INCREMENT for table `personal_access_tokens`
--
ALTER TABLE `personal_access_tokens`
  MODIFY `id` bigint UNSIGNED NOT NULL AUTO_INCREMENT;

--
-- AUTO_INCREMENT for table `role_users`
--
ALTER TABLE `role_users`
  MODIFY `id` bigint UNSIGNED NOT NULL AUTO_INCREMENT, AUTO_INCREMENT=5;

--
-- AUTO_INCREMENT for table `stokminyaks`
--
ALTER TABLE `stokminyaks`
  MODIFY `id` bigint UNSIGNED NOT NULL AUTO_INCREMENT, AUTO_INCREMENT=2;

--
-- AUTO_INCREMENT for table `users`
--
ALTER TABLE `users`
  MODIFY `id` bigint UNSIGNED NOT NULL AUTO_INCREMENT, AUTO_INCREMENT=17;

--
-- Constraints for dumped tables
--

--
-- Constraints for table `analisasawits`
--
ALTER TABLE `analisasawits`
  ADD CONSTRAINT `analisasawits_user_id_foreign` FOREIGN KEY (`user_id`) REFERENCES `users` (`id`);

--
-- Constraints for table `inventaris`
--
ALTER TABLE `inventaris`
  ADD CONSTRAINT `inventaris_category_id_foreign` FOREIGN KEY (`category_id`) REFERENCES `category_inventaris` (`id`),
  ADD CONSTRAINT `inventaris_user_id_foreign` FOREIGN KEY (`user_id`) REFERENCES `users` (`id`);

--
-- Constraints for table `ketstokminyaks`
--
ALTER TABLE `ketstokminyaks`
  ADD CONSTRAINT `ketstokminyaks_user_id_foreign` FOREIGN KEY (`user_id`) REFERENCES `users` (`id`);

--
-- Constraints for table `users`
--
ALTER TABLE `users`
  ADD CONSTRAINT `users_role_user_foreign` FOREIGN KEY (`role_user`) REFERENCES `role_users` (`id`);
COMMIT;

/*!40101 SET CHARACTER_SET_CLIENT=@OLD_CHARACTER_SET_CLIENT */;
/*!40101 SET CHARACTER_SET_RESULTS=@OLD_CHARACTER_SET_RESULTS */;
/*!40101 SET COLLATION_CONNECTION=@OLD_COLLATION_CONNECTION */;
